-0.635268,-0.565442,-0.513092,-0.449093,-0.393939,-0.359162,-0.324342,-0.360883,-0.339260,-0.332008,-0.322116,-0.316267,-0.327720,-0.346737,-0.285169,-0.291917,-0.304270,-0.314895,-0.354863,-0.399093,-0.432577,-0.381946,-0.401883,-0.414490,-0.344603,-0.357947,-0.288960,-0.303297,-0.301796,-0.213310,-0.205569,-0.180207,-0.158058,-0.051377,-0.019843,0.017001,0.050248,0.085366,0.129929,0.071910,0.134174,0.191721,0.101708,0.128180,0.005256,-0.035103,-0.196292,-0.223009,-0.356401,-0.485602,-0.544424,-0.722164,-0.793924,-0.905150,-0.997383,-0.962800,-0.974597,-0.892632,-0.816501,-0.868079,-0.849046,-0.905581,-0.862862,-0.860880,-0.798107,-0.767157,-0.822983,-0.818873,-0.807792,-0.810538,-0.899986,-0.909915,-0.908750,-0.905747,-0.917512,-0.940646,-0.955684,-0.974218,-0.913882,-0.922382,-0.937485,-0.971803,-0.996453,-1.015322,-0.963790,-0.980933,-1.006597,-1.015242,-1.023812,-1.029957,-0.968256,-0.976513,-0.990197,-1.006361,-0.935932,-0.937132,-0.943099,-0.834997,-0.819510,-0.808900,-0.810422,-0.696074,-0.694681,-0.686786,-0.683128,-0.672186,-0.551538,-0.539786,-0.524044,-0.503427,-0.405006,-0.397719,-0.378350
-0.535881,-0.565442,-0.513092,-0.449093,-0.393939,-0.359162,-0.392334,-0.360883,-0.339260,-0.332008,-0.322116,-0.316267,-0.327720,-0.346737,-0.354814,-0.362743,-0.375977,-0.387488,-0.428834,-0.474432,-0.508975,-0.458542,-0.479128,-0.492141,-0.422826,-0.437015,-0.369046,-0.383742,-0.382421,-0.294258,-0.286484,-0.180207,-0.158058,-0.132268,-0.101421,-0.066870,-0.036226,-0.006186,0.030808,0.071910,0.134174,0.066169,0.101708,-0.001756,-0.124387,-0.164986,-0.322602,-0.462179,-0.468154,-0.592233,-0.753709,-0.826133,-0.999345,-1.003942,-1.092250,-1.146427,-1.062015,-1.058390,-0.974464,-1.024948,-1.006120,-1.060884,-1.015984,-0.935476,-0.944476,-0.913282,-0.895918,-0.891443,-0.951141,-0.951833,-0.969943,-0.979331,-0.977370,-0.973793,-0.985475,-0.940646,-0.955684,-0.974218,-0.985219,-0.994306,-0.937485,-0.971803,-0.996453,-1.015322,-1.041992,-0.980933,-1.006597,-1.015242,-1.023812,-0.945083,-0.968256,-0.976513,-0.990197,-0.917387,-0.935932,-0.937132,-0.848018,-0.834997,-0.819510,-0.808900,-0.810422,-0.798682,-0.694681,-0.686786,-0.683128,-0.672186,-0.653572,-0.639897,-0.620510,-0.503427,-0.494738,-0.484281,-0.463192
-0.535881,-0.565442,-0.513092,-0.449093,-0.468687,-0.430417,-0.392334,-0.360883,-0.339260,-0.395005,-0.384844,-0.379865,-0.392912,-0.414259,-0.424459,-0.433569,-0.519391,-0.460081,-0.502806,-0.549770,-0.585373,-0.535138,-0.556373,-0.569792,-0.501049,-0.516084,-0.449132,-0.464186,-0.382421,-0.375207,-0.286484,-0.261026,-0.238722,-0.132268,-0.101421,-0.066870,-0.036226,-0.006186,-0.068313,-0.036689,0.017364,-0.059383,-0.028057,-0.131692,-0.254029,-0.294869,-0.448912,-0.581763,-0.579907,-0.698864,-0.858351,-1.034071,-1.102055,-1.201526,-1.187117,-1.238240,-1.149433,-1.141269,-1.132428,-1.103383,-1.163194,-1.138535,-1.092545,-1.084669,-1.017661,-0.986345,-0.968853,-0.964014,-0.951141,-1.022481,-1.039900,-0.979331,-0.977370,-0.973793,-0.985475,-1.009496,-1.025360,-0.974218,-0.985219,-0.994306,-1.009825,-0.971803,-0.996453,-1.015322,-1.041992,-0.980933,-1.006597,-1.015242,-0.938591,-0.945083,-0.968256,-0.890589,-0.902965,-0.917387,-0.935932,-0.844297,-0.848018,-0.834997,-0.819510,-0.808900,-0.810422,-0.798682,-0.799592,-0.686786,-0.683128,-0.672186,-0.653572,-0.639897,-0.620510,-0.596329,-0.584470,-0.570843,-0.548034
-0.635268,-0.565442,-0.599189,-0.528788,-0.468687,-0.430417,-0.460326,-0.426338,-0.402978,-0.395005,-0.447571,-0.443462,-0.458104,-0.481782,-0.494104,-0.575221,-0.591097,-0.605266,-0.576777,-0.625109,-0.661770,-0.611734,-0.633618,-0.569792,-0.579272,-0.516084,-0.529218,-0.464186,-0.463045,-0.375207,-0.367399,-0.261026,-0.238722,-0.213159,-0.182998,-0.150740,-0.122700,-0.097738,-0.068313,-0.145287,-0.099447,-0.184935,-0.157823,-0.261629,-0.254029,-0.424752,-0.575222,-0.701348,-0.803413,-0.805495,-0.962994,-1.138040,-1.204766,-1.300318,-1.281984,-1.330053,-1.324270,-1.224148,-1.211409,-1.181817,-1.241730,-1.216186,-1.169106,-1.159265,-1.090845,-1.059408,-1.041788,-1.036585,-1.022816,-1.022481,-1.039900,-1.048747,-1.045990,-1.041839,-1.053439,-1.009496,-1.025360,-1.044689,-1.056555,-0.994306,-1.009825,-1.045035,-1.070711,-1.091061,-1.041992,-1.061857,-1.089731,-1.015242,-1.023812,-1.029957,-0.968256,-0.976513,-0.990197,-0.917387,-0.935932,-0.937132,-0.943099,-0.834997,-0.819510,-0.808900,-0.810422,-0.798682,-0.799592,-0.792446,-0.683128,-0.672186,-0.653572,-0.639897,-0.620510,-0.596329,-0.584470,-0.570843,-0.548034
-0.734655,-0.658014,-0.599189,-0.528788,-0.543434,-0.501671,-0.460326,-0.426338,-0.466697,-0.458001,-0.447571,-0.507059,-0.523295,-0.549304,-0.563749,-0.575221,-0.591097,-0.605266,-0.650749,-0.700448,-0.738168,-0.688330,-0.710863,-0.647443,-0.657495,-0.595153,-0.529218,-0.544631,-0.463045,-0.456155,-0.448315,-0.341846,-0.319387,-0.294050,-0.264576,-0.234611,-0.209174,-0.189290,-0.167434,-0.145287,-0.216257,-0.184935,-0.287588,-0.391565,-0.383672,-0.554635,-0.701532,-0.820932,-0.915166,-0.912126,-1.067636,-1.242009,-1.307476,-1.399110,-1.376851,-1.421867,-1.411689,-1.307028,-1.290391,-1.260252,-1.320267,-1.293838,-1.245667,-1.159265,-1.090845,-1.132470,-1.114723,-1.109156,-1.094491,-1.093128,-1.109857,-1.118163,-1.114610,-1.109885,-1.121403,-1.147197,-1.095035,-1.115161,-1.127892,-1.138155,-1.154505,-1.118266,-1.144968,-1.166801,-1.198397,-1.142781,-1.172865,-1.183691,-1.109034,-1.114831,-1.139261,-1.062437,-1.077429,-1.095334,-1.027062,-1.029967,-1.038180,-0.931544,-0.917640,-0.908998,-0.810422,-0.798682,-0.799592,-0.792446,-0.788884,-0.776906,-0.755607,-0.740008,-0.716975,-0.689230,-0.674201,-0.657406,-0.632876
-0.734655,-0.750587,-0.685286,-0.608483,-0.543434,-0.572926,-0.528318,-0.491792,-0.466697,-0.520998,-0.510299,-0.507059,-0.523295,-0.616826,-0.633394,-0.646047,-0.662804,-0.677859,-0.724720,-0.775787,-0.738168,-0.764926,-0.710863,-0.725095,-0.657495,-0.674222,-0.609304,-0.625075,-0.543669,-0.537104,-0.529230,-0.422666,-0.400051,-0.374941,-0.346154,-0.318481,-0.295648,-0.280842,-0.266555,-0.253886,-0.333067,-0.310487,-0.417354,-0.521501,-0.513314,-0.684518,-0.827842,-0.940517,-0.915166,-1.018756,-1.172279,-1.242009,-1.410187,-1.399110,-1.471717,-1.513680,-1.411689,-1.389907,-1.290391,-1.338686,-1.320267,-1.293838,-1.322228,-1.233861,-1.164030,-1.132470,-1.187658,-1.181726,-1.166165,-1.163776,-1.179814,-1.187580,-1.183230,-1.177931,-1.189367,-1.216048,-1.234386,-1.256103,-1.270566,-1.282004,-1.299185,-1.337961,-1.293483,-1.318281,-1.354801,-1.304629,-1.339133,-1.267915,-1.279478,-1.284579,-1.224763,-1.234285,-1.251892,-1.184307,-1.209323,-1.215637,-1.133261,-1.124637,-1.015769,-1.009096,-1.014406,-0.901291,-0.904503,-0.898105,-0.894640,-0.881626,-0.755607,-0.740008,-0.716975,-0.689230,-0.674201,-0.657406,-0.632876
-0.834041,-0.750587,-0.685286,-0.688178,-0.618182,-0.572926,-0.528318,-0.491792,-0.530416,-0.520998,-0.510299,-0.570657,-0.588487,-0.616826,-0.633394,-0.646047,-0.662804,-0.750451,-0.724720,-0.775787,-0.814566,-0.841522,-0.788108,-0.802746,-0.735718,-0.674222,-0.689390,-0.625075,-0.624294,-0.618052,-0.610146,-0.584306,-0.480715,-0.455832,-0.427731,-0.402351,-0.382122,-0.372394,-0.365676,-0.362485,-0.449878,-0.436039,-0.547119,-0.521501,-0.642957,-0.814401,-0.827842,-0.940517,-1.026919,-1.018756,-1.172279,-1.345978,-1.410187,-1.497903,-1.566584,-1.513680,-1.499107,-1.389907,-1.369373,-1.338686,-1.320267,-1.371489,-1.322228,-1.233861,-1.237214,-1.205533,-1.187658,-1.254297,-1.237840,-1.234423,-1.249771,-1.326412,-1.320469,-1.314023,-1.325295,-1.353748,-1.373737,-1.397046,-1.413239,-1.425853,-1.443865,-1.484424,-1.516255,-1.469760,-1.511206,-1.547402,-1.505401,-1.520587,-1.449921,-1.454327,-1.395768,-1.406132,-1.339124,-1.362254,-1.391583,-1.308472,-1.323422,-1.221183,-1.212027,-1.209292,-1.116397,-1.106508,-1.009414,-1.003765,-1.000396,-0.881626,-0.857641,-0.840119,-0.813441,-0.782132,-0.674201,-0.657406,-0.632876
-0.834041,-0.750587,-0.685286,-0.688178,-0.618182,-0.572926,-0.528318,-0.557246,-0.530416,-0.520998,-0.510299,-0.570657,-0.588487,-0.616826,-0.633394,-0.716872,-0.734511,-0.750451,-0.798691,-0.851126,-0.890964,-0.841522,-0.865353,-0.802746,-0.813941,-0.753291,-0.769476,-0.705519,-0.704918,-0.699000,-0.610146,-0.584306,-0.561379,-0.536724,-0.509309,-0.486222,-0.468596,-0.463947,-0.464796,-0.471083,-0.449878,-0.561591,-0.547119,-0.651438,-0.772599,-0.814401,-0.954151,-1.060102,-1.026919,-1.125387,-1.172279,-1.345978,-1.512897,-1.497903,-1.566584,-1.513680,-1.499107,-1.389907,-1.369373,-1.338686,-1.398804,-1.371489,-1.322228,-1.308457,-1.237214,-1.278595,-1.260593,-1.326868,-1.309515,-1.375719,-1.389685,-1.395828,-1.457709,-1.450114,-1.461222,-1.491449,-1.582764,-1.608460,-1.627250,-1.641626,-1.660884,-1.630887,-1.664769,-1.696979,-1.667610,-1.709250,-1.671670,-1.689035,-1.620365,-1.624075,-1.566773,-1.492056,-1.513587,-1.451228,-1.482714,-1.494142,-1.418503,-1.414276,-1.310156,-1.309390,-1.218389,-1.209116,-1.114325,-1.109424,-1.106152,-0.986345,-0.959676,-0.940229,-0.813441,-0.782132,-0.763933,-0.743968,-0.632876
-0.834041,-0.750587,-0.685286,-0.688178,-0.618182,-0.572926,-0.528318,-0.557246,-0.530416,-0.520998,-0.510299,-0.570657,-0.588487,-0.616826,-0.633394,-0.646047,-0.734511,-0.750451,-0.798691,-0.851126,-0.890964,-0.918119,-0.865353,-0.880397,-0.892164,-0.832359,-0.769476,-0.785964,-0.704918,-0.699000,-0.691061,-0.665126,-0.642043,-0.617615,-0.590886,-0.570092,-0.555070,-0.555499,-0.563917,-0.579682,-0.566688,-0.687143,-0.676885,-0.781374,-0.772599,-0.944284,-0.954151,-1.060102,-1.026919,-1.125387,-1.172279,-1.345978,-1.512897,-1.497903,-1.566584,-1.513680,-1.499107,-1.389907,-1.369373,-1.338686,-1.398804,-1.371489,-1.398789,-1.308457,-1.310399,-1.278595,-1.333528,-1.399439,-1.381189,-1.446366,-1.459642,-1.534661,-1.526329,-1.586206,-1.597150,-1.629150,-1.722115,-1.749402,-1.769923,-1.713550,-1.733224,-1.777350,-1.813284,-1.848459,-1.824015,-1.871099,-1.837938,-1.857484,-1.790808,-1.708949,-1.737778,-1.663904,-1.600819,-1.629174,-1.573844,-1.586977,-1.513584,-1.510823,-1.408285,-1.409488,-1.320381,-1.311725,-1.219236,-1.215083,-1.211908,-1.091065,-1.061710,-0.940229,-0.909907,-0.875034,-0.853665,-0.743968,-0.717718
-0.734655,-0.658014,-0.599189,-0.608483,-0.543434,-0.572926,-0.528318,-0.491792,-0.530416,-0.520998,-0.510299,-0.507059,-0.523295,-0.616826,-0.633394,-0.646047,-0.662804,-0.750451,-0.798691,-0.851126,-0.890964,-0.918119,-0.942598,-0.958048,-0.892164,-0.911428,-0.849563,-0.866408,-0.785542,-0.779949,-0.771976,-0.665126,-0.642043,-0.617615,-0.672464,-0.653963,-0.641544,-0.647051,-0.663038,-0.688281,-0.683499,-0.687143,-0.806650,-0.781374,-0.772599,-0.944284,-0.954151,-1.060102,-1.026919,-1.125387,-1.172279,-1.345978,-1.410187,-1.497903,-1.471717,-1.513680,-1.411689,-1.389907,-1.290391,-1.338686,-1.320267,-1.371489,-1.398789,-1.308457,-1.310399,-1.351658,-1.406463,-1.399439,-1.452864,-1.517014,-1.529598,-1.604077,-1.594949,-1.654252,-1.665114,-1.766851,-1.791790,-1.819874,-1.841260,-1.857399,-1.877904,-1.850582,-1.887541,-1.924198,-1.902217,-1.952023,-2.004206,-1.941708,-1.961252,-1.878697,-1.823280,-1.835752,-1.775282,-1.718148,-1.664974,-1.679812,-1.608665,-1.607369,-1.506414,-1.509586,-1.422373,-1.414333,-1.324148,-1.320743,-1.317665,-1.195784,-1.163745,-1.140451,-1.006373,-0.967936,-0.943397,-0.830530,-0.802560
-0.535881,-0.565442,-0.513092,-0.528788,-0.468687,-0.501671,-0.460326,-0.491792,-0.466697,-0.458001,-0.510299,-0.507059,-0.523295,-0.549304,-0.563749,-0.646047,-0.662804,-0.750451,-0.798691,-0.851126,-0.890964,-0.918119,-0.942598,-0.958048,-0.892164,-0.911428,-0.929649,-0.866408,-0.866167,-0.860897,-0.852892,-0.826766,-0.803372,-0.779397,-0.754041,-0.737833,-0.728018,-0.738603,-0.762159,-0.796879,-0.800309,-0.812695,-0.806650,-0.781374,-0.902242,-0.944284,-0.954151,-0.940517,-1.026919,-1.018756,-1.172279,-1.242009,-1.410187,-1.399110,-1.471717,-1.421867,-1.411689,-1.307028,-1.290391,-1.260252,-1.320267,-1.371489,-1.322228,-1.308457,-1.310399,-1.351658,-1.333528,-1.399439,-1.452864,-1.517014,-1.529598,-1.604077,-1.663569,-1.654252,-1.733078,-1.766851,-1.791790,-1.819874,-1.912597,-1.857399,-1.877904,-1.923814,-1.961799,-1.924198,-1.980419,-2.032947,-2.004206,-2.025932,-2.046473,-1.963571,-1.908782,-1.921675,-1.862514,-1.807121,-1.756104,-1.772647,-1.703745,-1.607369,-1.604543,-1.609684,-1.524365,-1.516942,-1.429059,-1.426402,-1.423421,-1.300504,-1.265780,-1.240562,-1.199304,-1.060837,-1.033129,-1.003655,-0.972244
-0.436495,-0.380297,-0.426995,-0.449093,-0.393939,-0.430417,-0.392334,-0.426338,-0.402978,-0.458001,-0.447571,-0.443462,-0.523295,-0.549304,-0.563749,-0.575221,-0.662804,-0.677859,-0.798691,-0.851126,-0.890964,-0.918119,-0.942598,-0.880397,-0.892164,-0.911428,-0.929649,-0.946853,-0.946791,-0.941846,-0.933807,-0.907586,-0.884036,-0.779397,-0.754041,-0.737833,-0.814492,-0.830155,-0.861280,-0.905478,-0.917119,-0.938247,-0.936416,-0.911311,-0.902242,-0.944284,-0.954151,-0.940517,-0.915166,-1.018756,-1.067636,-1.138040,-1.307476,-1.300318,-1.281984,-1.330053,-1.236852,-1.224148,-1.132428,-1.181817,-1.241730,-1.293838,-1.245667,-1.233861,-1.237214,-1.278595,-1.260593,-1.326868,-1.381189,-1.446366,-1.459642,-1.534661,-1.594949,-1.586206,-1.665114,-1.698001,-1.791790,-1.819874,-1.841260,-1.857399,-1.877904,-1.923814,-1.961799,-1.999938,-1.980419,-2.032947,-2.087340,-2.025932,-2.046473,-1.963571,-1.994285,-1.921675,-1.949745,-1.896094,-1.847235,-1.772647,-1.798826,-1.703916,-1.604543,-1.609684,-1.626357,-1.516942,-1.533970,-1.532062,-1.529177,-1.405224,-1.367814,-1.340672,-1.295770,-1.246641,-1.212593,-1.090217,-1.057086
-0.237722,-0.287725,-0.254801,-0.289702,-0.319192,-0.287907,-0.324342,-0.360883,-0.339260,-0.395005,-0.447571,-0.443462,-0.458104,-0.481782,-0.563749,-0.575221,-0.591097,-0.677859,-0.724720,-0.775787,-0.890964,-0.841522,-0.865353,-0.880397,-0.892164,-0.911428,-0.929649,-0.946853,-0.946791,-1.022794,-1.014722,-0.988405,-0.964700,-0.860288,-0.835619,-0.821703,-0.814492,-0.830155,-0.861280,-0.905478,-0.917119,-0.938247,-0.936416,-0.911311,-0.902242,-0.944284,-0.954151,-0.940517,-0.915166,-0.912126,-0.962994,-1.034071,-1.102055,-1.201526,-1.187117,-1.146427,-1.149433,-1.058390,-1.053446,-1.024948,-1.084657,-1.138535,-1.169106,-1.084669,-1.090845,-1.132470,-1.187658,-1.254297,-1.309515,-1.305071,-1.389685,-1.465244,-1.457709,-1.518160,-1.529186,-1.560300,-1.652439,-1.678931,-1.698586,-1.785475,-1.805564,-1.850582,-1.887541,-1.924198,-1.980419,-2.032947,-2.004206,-2.025932,-1.961252,-1.963571,-1.908782,-1.921675,-1.862514,-1.896094,-1.847235,-1.865482,-1.798826,-1.703916,-1.702672,-1.609684,-1.626357,-1.619550,-1.533970,-1.532062,-1.529177,-1.509943,-1.469849,-1.440783,-1.392236,-1.339542,-1.302324,-1.263342,-1.226771
-0.038949,-0.102580,-0.082607,-0.130312,-0.169697,-0.216653,-0.256349,-0.295429,-0.339260,-0.332008,-0.384844,-0.443462,-0.458104,-0.481782,-0.494104,-0.575221,-0.591097,-0.605266,-0.724720,-0.775787,-0.814566,-0.841522,-0.865353,-0.880397,-0.892164,-0.911428,-0.929649,-0.946853,-1.027415,-1.022794,-1.095638,-1.069225,-1.045364,-1.022070,-0.998774,-0.989444,-0.987440,-1.013259,-0.960401,-1.014077,-1.033930,-1.063799,-1.066181,-0.911311,-0.902242,-0.814401,-0.827842,-0.820932,-0.803413,-0.805495,-0.858351,-0.930102,-0.999345,-1.003942,-0.997383,-0.962800,-0.974597,-0.892632,-0.895482,-0.868079,-0.927583,-0.983233,-0.939423,-0.935476,-0.944476,-0.986345,-1.041788,-1.109156,-1.094491,-1.163776,-1.249771,-1.256996,-1.320469,-1.314023,-1.325295,-1.422599,-1.443413,-1.537989,-1.555913,-1.569701,-1.588544,-1.630887,-1.739027,-1.772719,-1.824015,-1.871099,-1.921072,-1.941708,-1.876030,-1.878697,-1.823280,-1.835752,-1.775282,-1.807121,-1.756104,-1.772647,-1.798826,-1.703916,-1.604543,-1.609684,-1.626357,-1.516942,-1.533970,-1.532062,-1.529177,-1.509943,-1.469849,-1.440783,-1.392236,-1.432444,-1.392056,-1.349904,-1.311613
0.159824,0.175137,0.089587,0.029078,-0.020202,-0.074143,-0.120365,-0.164520,-0.211822,-0.269012,-0.322116,-0.379865,-0.458104,-0.481782,-0.494104,-0.504395,-0.519391,-0.605266,-0.650749,-0.700448,-0.738168,-0.841522,-0.865353,-0.880397,-0.892164,-0.911428,-0.929649,-0.946853,-1.027415,-1.103743,-1.095638,-1.150045,-1.126028,-1.102961,-1.080352,-1.073315,-1.073914,-1.104811,-1.059521,-1.122675,-1.150740,-1.189351,-1.066181,-0.911311,-0.902242,-0.814401,-0.827842,-0.701348,-0.691660,-0.698864,-0.753709,-0.826133,-0.793924,-0.806358,-0.807650,-0.779173,-0.712342,-0.726873,-0.658537,-0.711210,-0.691973,-0.750279,-0.786301,-0.711688,-0.724923,-0.767157,-0.822983,-0.891443,-0.951141,-0.951833,-1.039900,-1.048747,-1.045990,-1.109885,-1.121403,-1.216048,-1.234386,-1.256103,-1.341903,-1.353928,-1.371525,-1.484424,-1.516255,-1.545500,-1.589408,-1.628326,-1.671670,-1.689035,-1.705586,-1.708949,-1.652275,-1.663904,-1.688050,-1.629174,-1.664974,-1.679812,-1.608665,-1.607369,-1.604543,-1.509586,-1.524365,-1.516942,-1.533970,-1.532062,-1.529177,-1.509943,-1.469849,-1.440783,-1.488702,-1.432444,-1.481788,-1.436467,-1.481297
0.457984,0.360282,0.261781,0.188468,0.129293,0.068366,0.015620,-0.033612,-0.084384,-0.143019,-0.259388,-0.316267,-0.392912,-0.414259,-0.494104,-0.504395,-0.519391,-0.532673,-0.576777,-0.700448,-0.738168,-0.764926,-0.788108,-0.802746,-0.813941,-0.832359,-0.929649,-0.946853,-1.027415,-1.103743,-1.176553,-1.150045,-1.126028,-1.102961,-1.161929,-1.157185,-1.160388,-1.196364,-1.158642,-1.231274,-1.267551,-1.189351,-1.066181,-1.041247,-0.902242,-0.814401,-0.827842,-0.701348,-0.579907,-0.592233,-0.649066,-0.618195,-0.691213,-0.707565,-0.617916,-0.595546,-0.537505,-0.478235,-0.421592,-0.475907,-0.456362,-0.517325,-0.480058,-0.487899,-0.505369,-0.547969,-0.531243,-0.601160,-0.664443,-0.739890,-0.760072,-0.840499,-0.840130,-0.837701,-0.917512,-0.940646,-1.025360,-1.044689,-1.056555,-1.138155,-1.154505,-1.191498,-1.219225,-1.318281,-1.354801,-1.385554,-1.422267,-1.436363,-1.449921,-1.454327,-1.481270,-1.492056,-1.426355,-1.451228,-1.482714,-1.494142,-1.513584,-1.510823,-1.506414,-1.409488,-1.422373,-1.414333,-1.429059,-1.426402,-1.423421,-1.405224,-1.367814,-1.340672,-1.392236,-1.432444,-1.481788,-1.523029,-1.481297
0.756144,0.637999,0.520072,0.427553,0.353535,0.210875,0.151604,0.097297,0.043053,-0.017026,-0.071205,-0.125476,-0.262529,-0.346737,-0.424459,-0.433569,-0.447684,-0.532673,-0.576777,-0.625109,-0.661770,-0.688330,-0.710863,-0.802746,-0.813941,-0.832359,-0.929649,-0.946853,-1.027415,-1.103743,-1.095638,-1.150045,-1.126028,-1.183853,-1.161929,-1.157185,-1.246862,-1.196364,-1.257763,-1.339873,-1.384361,-1.314903,-1.195947,-1.041247,-1.031885,-0.944284,-0.827842,-0.701348,-0.579907,-0.485602,-0.544424,-0.514226,-0.588503,-0.509981,-0.428183,-0.411920,-0.275250,-0.229598,-0.184647,-0.162169,-0.142215,-0.206720,-0.173814,-0.189515,-0.212631,-0.255719,-0.239503,-0.310877,-0.377745,-0.457300,-0.550202,-0.562834,-0.634270,-0.633563,-0.713620,-0.734095,-0.746658,-0.833276,-0.842545,-0.850457,-0.937485,-0.971803,-0.996453,-1.015322,-1.041992,-1.061857,-1.089731,-1.183691,-1.194256,-1.199705,-1.224763,-1.234285,-1.251892,-1.273281,-1.300453,-1.308472,-1.323422,-1.317730,-1.310156,-1.309390,-1.320381,-1.311725,-1.324148,-1.320743,-1.211908,-1.195784,-1.163745,-1.240562,-1.199304,-1.246641,-1.302324,-1.436467,-1.481297
0.954917,0.823143,0.778363,0.666639,0.577778,0.424639,0.355581,0.293660,0.170491,0.108967,0.054251,0.001719,-0.066954,-0.144169,-0.215523,-0.291917,-0.375977,-0.387488,-0.428834,-0.474432,-0.508975,-0.611734,-0.633618,-0.725095,-0.735718,-0.832359,-0.849563,-0.866408,-0.946791,-0.941846,-1.014722,-1.069225,-1.126028,-1.183853,-1.243507,-1.241056,-1.333336,-1.379468,-1.456005,-1.448471,-1.501171,-1.440455,-1.325712,-1.301120,-1.161527,-1.074167,-0.827842,-0.701348,-0.579907,-0.485602,-0.439781,-0.410256,-0.383082,-0.312397,-0.333316,-0.228293,-0.100413,0.019040,0.131280,0.151569,0.171932,0.103885,0.132430,0.108870,0.153292,0.109594,0.052237,-0.020594,-0.091046,-0.174710,-0.270374,-0.354585,-0.359791,-0.429425,-0.441765,-0.527543,-0.537631,-0.551390,-0.628535,-0.634684,-0.648126,-0.678877,-0.699424,-0.712363,-0.729183,-0.819084,-0.840329,-0.846794,-0.853369,-0.860209,-0.882754,-0.890589,-0.990197,-1.006361,-1.027062,-1.029967,-1.133261,-1.124637,-1.113898,-1.109194,-1.116397,-1.106508,-1.114325,-1.109424,-1.106152,-1.091065,-1.061710,-1.040340,-1.006373,-0.967936,-1.033129,-1.176780,-1.226771
1.153690,1.008288,0.950557,0.826029,0.727273,0.638403,0.559558,0.490023,0.361647,0.297956,0.242435,0.192511,0.128621,0.058398,-0.006588,-0.079440,-0.089149,-0.169710,-0.206920,-0.323754,-0.356179,-0.458542,-0.479128,-0.569792,-0.657495,-0.753291,-0.769476,-0.785964,-0.785542,-0.860897,-0.933807,-1.069225,-1.126028,-1.183853,-1.243507,-1.324926,-1.419810,-1.471020,-1.555126,-1.665668,-1.734792,-1.691559,-1.585243,-1.560993,-1.420812,-1.204050,-1.080461,-0.820932,-0.579907,-0.378972,-0.335139,-0.306287,-0.177661,-0.114812,-0.048715,-0.044666,0.074424,0.184798,0.289244,0.386873,0.407542,0.492141,0.438673,0.481851,0.446030,0.401844,0.416912,0.342259,0.267327,0.178528,0.079411,-0.007504,-0.085311,-0.157241,-0.237873,-0.252141,-0.328605,-0.339976,-0.343188,-0.346987,-0.431106,-0.459182,-0.476652,-0.485144,-0.494576,-0.495387,-0.507792,-0.509897,-0.512482,-0.520713,-0.540745,-0.632818,-0.641270,-0.739441,-0.753672,-0.751462,-0.848018,-0.834997,-0.917640,-0.908998,-1.014406,-1.003899,-1.009414,-0.898105,-0.894640,-0.881626,-0.857641,-0.740008,-0.716975,-0.782132,-0.763933,-0.830530,-0.887402
1.153690,1.100860,1.036654,0.985419,0.876768,0.780913,0.763535,0.686386,0.616522,0.486946,0.430618,0.383302,0.324196,0.328487,0.271992,0.203864,0.125972,0.048068,0.014994,-0.097737,-0.203383,-0.305349,-0.324638,-0.414490,-0.501049,-0.595153,-0.689390,-0.705519,-0.704918,-0.779949,-0.852892,-0.988405,-1.126028,-1.264744,-1.325085,-1.408796,-1.506284,-1.654124,-1.852488,-1.882866,-1.968413,-1.942663,-1.974539,-1.820865,-1.550455,-1.463816,-1.206771,-0.940517,-0.691660,-0.485602,-0.230496,-0.098349,-0.074951,0.082772,0.141018,0.230774,0.336679,0.433436,0.526189,0.622176,0.643153,0.725095,0.744917,0.780236,0.811953,0.767157,0.708652,0.705113,0.625700,0.531766,0.429195,0.339576,0.189168,0.114942,0.033982,0.023260,-0.049903,-0.058091,-0.057841,-0.131213,-0.141747,-0.166255,-0.179622,-0.182185,-0.181767,-0.171691,-0.175256,-0.173001,-0.171595,-0.181217,-0.198735,-0.289122,-0.292344,-0.383547,-0.480281,-0.565792,-0.562776,-0.641904,-0.721381,-0.708802,-0.810422,-0.798682,-0.799592,-0.792446,-0.683128,-0.672186,-0.551538,-0.539786,-0.524044,-0.503427,-0.494738,-0.484281,-0.548034
1.153690,1.100860,1.122751,1.065114,1.026263,0.923422,0.899519,0.882749,0.807679,0.738931,0.681529,0.637691,0.584963,0.531055,0.480928,0.416341,0.341092,0.265846,0.236908,0.128280,0.025810,-0.075561,-0.170148,-0.259187,-0.344603,-0.437015,-0.529218,-0.625075,-0.624294,-0.699000,-0.771976,-0.907586,-1.045364,-1.264744,-1.406662,-1.576537,-1.679232,-1.837228,-1.951609,-2.100063,-2.202034,-2.193767,-2.104305,-1.950802,-1.809740,-1.593699,-1.333081,-1.060102,-0.691660,-0.485602,-0.230496,-0.098349,0.027760,0.181564,0.330752,0.506214,0.598934,0.682074,0.763134,0.857480,0.878763,0.958048,0.974600,1.004024,1.031507,1.059408,1.073327,0.995396,0.912398,0.814357,0.778980,0.686657,0.532268,0.455172,0.373801,0.298662,0.298475,0.223794,0.227506,0.228409,0.219952,0.199902,0.191664,0.196514,0.131042,0.152006,0.157281,0.163896,0.169292,0.158279,0.057772,0.054573,-0.030649,-0.116627,-0.206890,-0.287287,-0.372614,-0.352264,-0.426994,-0.508606,-0.606438,-0.593465,-0.589770,-0.581127,-0.471615,-0.462747,-0.347469,-0.339565,-0.234646,-0.224722,-0.225542,-0.224594,-0.208666
1.153690,1.193433,1.122751,1.144809,1.101010,1.137186,1.103496,1.079112,0.998835,0.990917,0.932440,0.892081,0.845730,0.801144,0.759508,0.699645,0.627920,0.556217,0.458823,0.354297,0.255004,0.154227,0.061587,-0.103885,-0.188158,-0.278878,-0.369046,-0.464186,-0.543669,-0.618052,-0.691061,-0.826766,-1.045364,-1.264744,-1.406662,-1.576537,-1.679232,-1.837228,-2.050730,-2.100063,-2.202034,-2.193767,-2.104305,-1.950802,-1.680097,-1.463816,-1.206771,-0.820932,-0.579907,-0.272341,-0.021211,0.109589,0.335891,0.477940,0.615352,0.781655,0.861189,1.013590,1.079061,1.171218,1.192910,1.191002,1.280843,1.302409,1.324245,1.278595,1.292132,1.285679,1.199097,1.167595,1.058807,0.964322,0.875367,0.795402,0.713620,0.642914,0.646852,0.576150,0.584190,0.516106,0.509312,0.492829,0.488694,0.499473,0.522053,0.475703,0.489817,0.500792,0.510179,0.412901,0.399781,0.312345,0.231046,0.150293,0.066500,-0.008782,-0.087372,-0.159171,-0.230736,-0.308410,-0.402454,-0.388248,-0.379948,-0.369808,-0.365859,-0.253308,-0.143400,-0.039233,0.054751,0.053983,0.133385,0.121655,0.045861
1.153690,1.193433,1.208848,1.224504,1.250505,1.279696,1.307473,1.275475,1.317429,1.242903,1.246080,1.210067,1.171688,1.138756,1.107734,1.053774,0.986454,0.846588,0.754708,0.655652,0.484197,0.384016,0.216077,0.129069,0.046511,-0.120740,-0.208873,-0.303297,-0.463045,-0.537104,-0.691061,-0.907586,-1.045364,-1.264744,-1.406662,-1.576537,-1.679232,-1.837228,-1.951609,-1.991464,-2.085223,-2.068215,-1.844774,-1.690929,-1.420812,-1.074167,-0.827842,-0.462179,-0.132895,0.154182,0.397359,0.525465,0.746733,0.971901,1.089686,1.148908,1.298281,1.345107,1.394988,1.484956,1.507057,1.501607,1.510526,1.526197,1.543798,1.497783,1.510937,1.503391,1.414121,1.379537,1.268678,1.241987,1.149847,1.067586,1.053439,0.987166,0.925554,0.858036,0.869537,0.875728,0.798671,0.785755,0.785723,0.726692,0.756660,0.799400,0.822354,0.753465,0.765844,0.667522,0.656288,0.570116,0.492741,0.417213,0.339891,0.269723,0.197871,0.130468,-0.034478,-0.108214,-0.096479,-0.183031,-0.170126,-0.158489,-0.048591,-0.043869,0.060669,0.261100,0.344148,0.425590,0.402581,0.467904,0.385229
0.954917,1.100860,1.208848,1.304199,1.400000,1.422205,1.511450,1.537292,1.572304,1.557885,1.559719,1.528053,1.497647,1.476368,1.455960,1.407903,1.344989,1.209551,1.124565,0.957008,0.789788,0.690400,0.525058,0.362023,0.202957,0.116466,-0.048701,-0.222853,-0.301796,-0.537104,-0.691061,-0.826766,-1.045364,-1.183853,-1.325085,-1.492667,-1.592758,-1.654124,-1.753367,-1.774267,-1.734792,-1.691559,-1.455477,-1.171183,-0.902242,-0.554635,-0.322602,0.016160,0.314116,0.580706,0.815929,1.045311,1.157574,1.268278,1.374287,1.516162,1.560536,1.593745,1.631934,1.641825,1.742668,1.734561,1.740209,1.749986,1.763352,1.790034,1.729742,1.721104,1.629145,1.520833,1.478549,1.380819,1.355707,1.271724,1.189367,1.193718,1.134581,1.139921,1.083548,1.091501,1.015691,1.005450,1.008495,0.953911,0.991266,1.042173,0.988622,1.006137,0.936287,0.922144,0.827293,0.827888,0.754436,0.684133,0.613282,0.548228,0.388033,0.323561,0.259909,0.192080,0.107505,0.022186,0.039696,0.052830,0.162922,0.270290,0.468807,0.561432,0.633545,0.704296,0.761508,0.814154,0.724597
0.756144,0.915716,1.122751,1.224504,1.400000,1.493460,1.579442,1.668201,1.763461,1.809871,1.810630,1.846039,1.888797,1.881503,1.873830,1.762032,1.703524,1.572514,1.494423,1.333702,1.171777,0.996785,0.834038,0.672628,0.515848,0.274604,0.111471,-0.061964,-0.221172,-0.375207,-0.610146,-0.826766,-1.045364,-1.183853,-1.243507,-1.324926,-1.419810,-1.471020,-1.456005,-1.448471,-1.384361,-1.189351,-0.936416,-0.651438,-0.383672,-0.035103,0.182637,0.494499,0.761128,1.007229,1.129856,1.253249,1.362995,1.367070,1.469153,1.516162,1.560536,1.593745,1.552952,1.641825,1.742668,1.812212,1.816770,1.899178,1.909721,1.936159,1.875613,1.866245,1.772494,1.732775,1.618463,1.519652,1.424327,1.407816,1.325295,1.262568,1.273932,1.210392,1.226221,1.163426,1.160370,1.151913,1.082752,1.105391,1.147671,1.123097,1.154890,1.174585,1.106731,1.091892,1.083800,0.999736,1.016131,0.951053,0.886673,0.733899,0.673275,0.613201,0.456168,0.392276,0.311489,0.227403,0.249518,0.369808,0.480190,0.584448,0.774911,0.861764,1.019409,1.075902,1.120436,1.160403,1.063966
0.457984,0.730571,0.950557,1.144809,1.325253,1.493460,1.579442,1.733655,1.827180,1.935864,1.998813,2.100429,2.149564,2.151592,2.152411,2.116162,2.062058,1.935478,1.790308,1.635058,1.477369,1.303169,1.143018,0.905581,0.750517,0.511810,0.351730,0.098925,-0.059923,-0.294258,-0.529230,-0.745946,-0.964700,-1.102961,-1.161929,-1.157185,-1.160388,-1.196364,-1.158642,-1.122675,-1.033930,-0.812695,-0.547119,-0.261629,0.134898,0.484428,0.687877,0.972837,1.096387,1.113859,1.234499,1.253249,1.362995,1.367070,1.374287,1.332535,1.385699,1.427986,1.473970,1.484956,1.585594,1.656910,1.740209,1.824582,1.836537,1.936159,1.948548,1.938816,1.915843,1.803423,1.688420,1.658484,1.561566,1.475862,1.393258,1.331419,1.273932,1.280864,1.226221,1.235350,1.160370,1.151913,1.157010,1.181130,1.225873,1.204021,1.238024,1.258809,1.277174,1.261640,1.254805,1.257507,1.190594,1.129000,1.068933,1.012404,0.863437,0.806294,0.652426,0.592472,0.515472,0.432620,0.459340,0.581127,0.691702,0.898607,0.978980,1.162096,1.308806,1.447509,1.479363,1.420090,1.318492
0.358597,0.637999,0.864460,1.065114,1.250505,1.422205,1.579442,1.668201,1.827180,1.872868,1.998813,2.100429,2.214755,2.286637,2.361346,2.328639,2.277179,2.153256,2.012222,1.861075,1.706562,1.532958,1.374753,1.138535,0.985185,0.749017,0.511902,0.259814,0.020701,-0.213310,-0.448315,-0.665126,-0.884036,-0.941179,-0.998774,-0.989444,-0.987440,-1.013259,-0.960401,-0.905478,-0.683499,-0.436039,-0.157823,0.128180,0.523826,0.874077,1.066806,1.212007,1.208139,1.220490,1.234499,1.253249,1.260285,1.268278,1.279420,1.240722,1.210863,1.262228,1.316007,1.328087,1.428521,1.501607,1.587087,1.600793,1.690167,1.790034,1.802677,1.866245,1.844168,1.803423,1.758377,1.658484,1.561566,1.543908,1.461222,1.400269,1.343607,1.280864,1.226221,1.163426,1.160370,1.151913,1.157010,1.181130,1.225873,1.365869,1.404292,1.427258,1.447618,1.516262,1.425809,1.429355,1.365057,1.306946,1.251194,1.105239,1.053598,0.902840,0.848684,0.792668,0.719456,0.740445,0.774073,0.792446,0.903215,1.108046,1.285083,1.362318,1.501737,1.633313,1.658827,1.593215,1.573018
0.259211,0.545426,0.778363,1.065114,1.250505,1.422205,1.511450,1.602747,1.699742,1.809871,1.873358,1.973234,2.084372,2.219115,2.291701,2.328639,2.277179,2.225848,2.086194,1.936414,1.782960,1.609554,1.451998,1.293838,1.063408,0.828086,0.591988,0.340258,0.101325,-0.132362,-0.367399,-0.584306,-0.722707,-0.779397,-0.835619,-0.821703,-0.814492,-0.738603,-0.663038,-0.579682,-0.333067,-0.059383,0.231474,0.647926,0.912754,1.133843,1.319426,1.331591,1.208139,1.113859,1.129856,1.149280,1.157574,1.169485,1.184553,1.148908,1.123444,1.096470,1.158043,1.249653,1.271447,1.346305,1.433965,1.451601,1.543798,1.570846,1.656807,1.721104,1.700819,1.662128,1.688420,1.658484,1.561566,1.543908,1.461222,1.400269,1.343607,1.280864,1.226221,1.163426,1.160370,1.151913,1.157010,1.181130,1.304075,1.365869,1.487426,1.511482,1.532840,1.516262,1.511312,1.515279,1.452289,1.395920,1.342324,1.198074,1.148679,1.095934,1.044942,0.992864,0.923440,0.945662,0.983895,1.109424,1.114727,1.317486,1.387118,1.462429,1.598203,1.726214,1.748558,1.679777,1.657860
0.259211,0.545426,0.864460,1.065114,1.175758,1.279696,1.375465,1.471838,1.508586,1.557885,1.622446,1.718845,1.823605,1.881503,2.013121,2.045336,2.062058,2.080663,2.012222,1.861075,1.782960,1.609554,1.451998,1.293838,1.063408,0.907154,0.672074,0.420703,0.181949,-0.132362,-0.286484,-0.503486,-0.561379,-0.617615,-0.672464,-0.653963,-0.555070,-0.555499,-0.464796,-0.253886,0.017364,0.317273,0.620770,1.037735,1.172039,1.393609,1.319426,1.331591,1.208139,1.113859,1.025214,1.045311,1.054864,1.070693,1.089686,1.057095,1.036026,1.096470,1.079061,1.171218,1.192910,1.268653,1.280843,1.302409,1.397429,1.424721,1.510937,1.503391,1.557470,1.520833,1.548506,1.519652,1.492946,1.475862,1.393258,1.331419,1.273932,1.280864,1.226221,1.163426,1.160370,1.078681,1.082752,1.105391,1.225873,1.284945,1.321158,1.427258,1.447618,1.431388,1.425809,1.343431,1.365057,1.306946,1.251194,1.198074,1.243760,1.192480,1.143071,1.092962,1.127424,1.150879,1.193718,1.320743,1.326239,1.422205,1.387118,1.462429,1.598203,1.633313,1.658827,1.679777,1.657860
0.358597,0.730571,0.864460,0.985419,1.101010,1.137186,1.171489,1.210021,1.189992,1.242903,1.308807,1.337261,1.432455,1.476368,1.595250,1.620381,1.631817,1.645107,1.642365,1.559719,1.477369,1.379766,1.297508,1.138535,0.985185,0.749017,0.591988,0.340258,0.101325,-0.051413,-0.205569,-0.341846,-0.400051,-0.455832,-0.427731,-0.402351,-0.382122,-0.280842,-0.167434,0.071910,0.367795,0.693929,1.010066,1.297608,1.431324,1.393609,1.319426,1.212007,1.096387,1.113859,1.025214,0.941342,0.952153,0.971901,1.089686,1.057095,1.036026,1.013590,1.079061,1.092784,1.114373,1.191002,1.204283,1.227813,1.251060,1.351658,1.365067,1.358250,1.414121,1.379537,1.408592,1.380819,1.355707,1.339770,1.325295,1.262568,1.273932,1.210392,1.154885,1.091501,1.015691,1.005450,0.934238,0.953911,1.069469,1.123097,1.238024,1.258809,1.362396,1.346514,1.254805,1.257507,1.277826,1.217973,1.251194,1.198074,1.243760,1.192480,1.241200,1.293158,1.331407,1.356096,1.403540,1.426402,1.431996,1.422205,1.489152,1.462429,1.501737,1.540411,1.569095,1.593215,1.573018
0.557370,0.730571,0.864460,0.905724,0.876768,0.923422,0.899519,0.882749,0.871398,0.927921,0.932440,0.955678,1.041305,1.071234,1.107734,1.124600,1.201575,1.209551,1.124565,1.107686,1.095380,0.996785,0.988528,0.827930,0.750517,0.590879,0.431816,0.259814,0.020701,-0.132362,-0.205569,-0.261026,-0.319387,-0.294050,-0.264576,-0.234611,-0.122700,-0.006186,0.129929,0.289107,0.601416,0.945033,1.269597,1.427544,1.431324,1.393609,1.193116,1.092422,0.984634,1.007229,1.025214,0.941342,0.952153,0.971901,0.994819,1.057095,1.036026,1.013590,1.079061,1.092784,1.114373,1.191002,1.204283,1.227813,1.251060,1.278595,1.292132,1.285679,1.270771,1.308890,1.268678,1.241987,1.287087,1.271724,1.189367,1.193718,1.134581,1.069450,1.012211,1.019577,0.943351,0.858987,0.859980,0.878171,0.913064,1.042173,1.154890,1.258809,1.277174,1.261640,1.254805,1.257507,1.277826,1.217973,1.251194,1.290909,1.243760,1.289027,1.339329,1.393256,1.433399,1.458704,1.508451,1.532062,1.537752,1.526925,1.489152,1.462429,1.501737,1.447509,1.479363,1.506652,1.488176
0.656757,0.730571,0.692266,0.666639,0.652525,0.638403,0.627550,0.555477,0.552804,0.549942,0.556074,0.637691,0.650155,0.666099,0.689863,0.699645,0.699627,0.701402,0.680737,0.655652,0.636993,0.537208,0.525058,0.439674,0.437625,0.274604,0.191557,0.018480,-0.059923,-0.132362,-0.205569,-0.180207,-0.158058,-0.132268,-0.101421,-0.066870,0.050248,0.176918,0.427291,0.614903,0.951847,1.196137,1.269597,1.297608,1.301681,1.133843,1.066806,0.972837,0.984634,0.900598,0.920571,0.941342,0.952153,0.971901,0.994819,1.057095,1.036026,1.013590,1.079061,1.092784,1.114373,1.113351,1.127722,1.153216,1.177876,1.205533,1.219197,1.213108,1.199097,1.238242,1.198721,1.172571,1.149847,1.135632,1.121403,1.056017,1.064905,0.998978,0.940874,0.875728,0.871011,0.785755,0.785723,0.878171,0.913064,0.961248,1.071756,1.174585,1.191953,1.261640,1.254805,1.257507,1.277826,1.306946,1.251194,1.290909,1.338841,1.385573,1.437458,1.493354,1.535391,1.561313,1.613362,1.532062,1.537752,1.526925,1.489152,1.462429,1.405272,1.354608,1.389631,1.420090,1.403334
0.557370,0.452854,0.433975,0.427553,0.353535,0.353385,0.287589,0.293660,0.234210,0.234960,0.242435,0.256108,0.259005,0.260965,0.341638,0.345515,0.341092,0.338439,0.236908,0.203619,0.178606,0.154227,0.138832,0.051418,0.046511,-0.041671,-0.048701,-0.142408,-0.221172,-0.213310,-0.205569,-0.180207,-0.077394,-0.051377,0.061734,0.184742,0.309671,0.451575,0.625533,0.832100,1.068657,1.196137,1.269597,1.167672,1.042396,1.003960,0.940496,0.853253,0.872881,0.900598,0.920571,0.837373,0.849443,0.873109,0.899953,0.965281,0.948607,0.930711,1.000080,1.014349,1.114373,1.113351,1.127722,1.153216,1.177876,1.205533,1.219197,1.213108,1.199097,1.167595,1.128764,1.103155,1.081227,1.067586,0.985475,0.987166,0.995230,0.928507,0.869537,0.875728,0.871011,0.785755,0.785723,0.802432,0.834862,0.880324,0.988622,1.090361,1.106731,1.176766,1.254805,1.257507,1.277826,1.306946,1.251194,1.290909,1.338841,1.385573,1.437458,1.493354,1.535391,1.561313,1.613362,1.637721,1.537752,1.526925,1.387118,1.362318,1.308806,1.354608,1.299899,1.333528,1.318492
0.259211,0.267709,0.175684,0.108773,0.054545,-0.002889,-0.052372,-0.033612,-0.084384,-0.080023,-0.071205,-0.061878,-0.066954,-0.076647,-0.076233,-0.079440,-0.089149,-0.097117,-0.132949,-0.173076,-0.279781,-0.305349,-0.324638,-0.336838,-0.344603,-0.357947,-0.369046,-0.383742,-0.382421,-0.294258,-0.205569,-0.099387,0.003270,0.029514,0.143312,0.268612,0.482619,0.634679,0.823775,0.940699,1.068657,1.070585,1.010066,0.907799,0.912754,0.744194,0.814186,0.733668,0.761128,0.793967,0.815929,0.837373,0.746733,0.774317,0.710219,0.781655,0.773771,0.847832,0.921098,0.935915,1.035837,1.113351,1.127722,1.153216,1.177876,1.205533,1.219197,1.213108,1.199097,1.167595,1.128764,1.103155,1.081227,0.999540,0.985475,0.918316,0.925554,0.928507,0.869537,0.875728,0.871011,0.858987,0.785723,0.802432,0.834862,0.880324,0.905488,1.006137,1.106731,1.091892,1.169302,1.171583,1.190594,1.217973,1.251194,1.290909,1.243760,1.289027,1.339329,1.493354,1.535391,1.561313,1.613362,1.532062,1.537752,1.422205,1.387118,1.362318,1.308806,1.261706,1.299899,1.246965,1.233650
0.060438,-0.010008,-0.082607,-0.130312,-0.244444,-0.287907,-0.324342,-0.360883,-0.402978,-0.395005,-0.384844,-0.443462,-0.458104,-0.481782,-0.494104,-0.504395,-0.519391,-0.532673,-0.576777,-0.625109,-0.661770,-0.688330,-0.633618,-0.647443,-0.657495,-0.674222,-0.689390,-0.625075,-0.543669,-0.456155,-0.286484,-0.099387,0.003270,0.110405,0.306467,0.436353,0.569093,0.726231,0.823775,0.940699,0.951847,0.945033,0.880301,0.777862,0.653468,0.614311,0.561567,0.614083,0.649375,0.687336,0.711286,0.733404,0.644022,0.576733,0.615352,0.598028,0.598934,0.682074,0.763134,0.857480,0.957300,1.035700,1.127722,1.227813,1.251060,1.278595,1.292132,1.213108,1.199097,1.167595,1.128764,1.103155,1.012607,0.999540,0.985475,0.918316,0.925554,0.928507,0.940874,0.947653,0.943351,0.932218,0.859980,0.878171,0.834862,0.880324,0.905488,1.006137,1.021509,1.091892,1.083800,0.999736,1.016131,1.040026,1.068933,1.105239,1.148679,1.192480,1.241200,1.293158,1.433399,1.458704,1.508451,1.426402,1.431996,1.422205,1.387118,1.362318,1.308806,1.261706,1.299899,1.246965,1.233650
-0.237722,-0.287725,-0.340898,-0.449093,-0.543434,-0.644181,-0.664303,-0.688155,-0.721572,-0.709987,-0.761211,-0.825046,-0.849254,-0.886916,-0.911975,-0.929350,-0.949632,-0.895637,-0.946634,-1.001804,-1.043759,-0.994715,-1.019844,-0.958048,-0.970387,-0.911428,-0.849563,-0.785964,-0.624294,-0.537104,-0.286484,-0.180207,0.003270,0.191297,0.388045,0.520223,0.655567,0.726231,0.724654,0.832100,0.835036,0.693929,0.620770,0.517990,0.523826,0.484428,0.435257,0.494499,0.537622,0.580706,0.606644,0.525465,0.541312,0.477940,0.425619,0.414401,0.424097,0.516315,0.605171,0.700611,0.800226,0.958048,1.127722,1.227813,1.251060,1.351658,1.292132,1.285679,1.270771,1.167595,1.128764,1.103155,1.081227,0.999540,0.985475,0.987166,0.925554,0.998978,1.012211,1.019577,1.015691,1.005450,1.008495,0.953911,0.913064,0.961248,0.905488,0.921913,1.021509,1.007018,0.912795,0.913812,0.841668,0.862080,0.886673,0.919569,1.053598,1.095934,1.143071,1.193060,1.229415,1.253487,1.298629,1.320743,1.326239,1.317486,1.285083,1.362318,1.308806,1.261706,1.299899,1.246965,1.233650
-0.436495,-0.565442,-0.685286,-0.767873,-0.842424,-0.929200,-0.936272,-1.015427,-1.040166,-1.087966,-1.137577,-1.206629,-1.240404,-1.292050,-1.329845,-1.354305,-1.308167,-1.331193,-1.316491,-1.378499,-1.349351,-1.377695,-1.328824,-1.268653,-1.205055,-1.148635,-1.009735,-0.866408,-0.704918,-0.537104,-0.367399,-0.099387,0.083934,0.191297,0.388045,0.520223,0.569093,0.634679,0.625533,0.614903,0.601416,0.568377,0.491004,0.388053,0.264541,0.354545,0.308947,0.374914,0.425869,0.474075,0.502001,0.421496,0.438601,0.280356,0.235885,0.230774,0.336679,0.350557,0.447207,0.543742,0.721689,0.880397,1.051161,1.153216,1.324245,1.351658,1.365067,1.358250,1.342446,1.308890,1.198721,1.172571,1.149847,1.067586,1.053439,0.987166,0.995230,0.998978,1.083548,1.091501,1.088031,1.078681,1.082752,1.029651,0.991266,0.961248,0.905488,0.921913,0.851066,0.837270,0.741791,0.741964,0.667204,0.684133,0.704412,0.733899,0.863437,0.902840,0.946813,0.992864,1.025432,1.150879,1.193718,1.215083,1.220483,1.317486,1.285083,1.362318,1.308806,1.261706,1.210167,1.246965,1.233650
-0.734655,-0.843159,-0.943576,-1.086653,-1.141414,-1.214218,-1.276233,-1.342698,-1.422479,-1.465944,-1.513944,-1.588213,-1.631554,-1.697185,-1.747716,-1.708434,-1.738408,-1.694156,-1.686348,-1.679854,-1.654942,-1.607484,-1.560559,-1.501607,-1.361501,-1.227704,-1.089821,-0.946853,-0.704918,-0.537104,-0.286484,-0.099387,0.083934,0.191297,0.306467,0.436353,0.482619,0.543127,0.526412,0.506305,0.484605,0.317273,0.231474,0.128180,0.134898,0.224662,0.182637,0.255329,0.314116,0.367444,0.397359,0.317527,0.335891,0.181564,0.141018,0.138961,0.161842,0.184798,0.289244,0.386873,0.564616,0.802746,0.974600,1.153216,1.251060,1.351658,1.438002,1.430821,1.414121,1.379537,1.338635,1.311403,1.287087,1.203678,1.189367,1.124867,1.134581,1.139921,1.154885,1.163426,1.160370,1.151913,1.157010,1.105391,0.991266,0.880324,0.822354,0.753465,0.680622,0.667522,0.570786,0.570116,0.579973,0.595160,0.522152,0.548228,0.673275,0.709747,0.750555,0.792668,0.923440,1.048270,1.088807,1.215083,1.220483,1.317486,1.285083,1.262207,1.308806,1.261706,1.210167,1.246965,1.233650
-0.933428,-1.120876,-1.201867,-1.325738,-1.440404,-1.499237,-1.616195,-1.669970,-1.804792,-1.843923,-1.953039,-1.969796,-2.022704,-2.102319,-2.095942,-2.133389,-2.025236,-1.984527,-1.982234,-1.981210,-1.884136,-1.837272,-1.715049,-1.579258,-1.439724,-1.306772,-1.089821,-0.866408,-0.704918,-0.456155,-0.286484,-0.099387,0.083934,0.191297,0.306467,0.352482,0.396145,0.451575,0.427291,0.397706,0.367795,0.191721,0.101708,-0.001756,0.005256,0.094779,0.182637,0.255329,0.314116,0.367444,0.292716,0.317527,0.233180,0.181564,0.046151,0.047147,0.074424,0.184798,0.210262,0.308438,0.486079,0.725095,0.898039,1.078620,1.177876,1.278595,1.365067,1.358250,1.414121,1.450185,1.478549,1.450235,1.424327,1.407816,1.393258,1.400269,1.343607,1.351335,1.297558,1.307275,1.305050,1.298376,1.231267,1.181130,1.069469,0.880324,0.739219,0.669240,0.595400,0.497775,0.485284,0.398269,0.405509,0.417213,0.431021,0.455393,0.483113,0.613201,0.652426,0.792668,0.821448,0.945662,1.088807,1.215083,1.220483,1.317486,1.285083,1.262207,1.212340,1.168804,1.120436,1.160403,1.233650
-1.231587,-1.306021,-1.460158,-1.564824,-1.739394,-1.855510,-1.956156,-2.062696,-2.123386,-2.221902,-2.266678,-2.351380,-2.413854,-2.439931,-2.444167,-2.345867,-2.312063,-2.202305,-2.130177,-2.056549,-1.960533,-1.837272,-1.715049,-1.579258,-1.361501,-1.227704,-1.009735,-0.785964,-0.624294,-0.456155,-0.286484,-0.099387,0.003270,0.110405,0.224890,0.352482,0.396145,0.360023,0.328170,0.289107,0.250984,0.066169,-0.028057,-0.001756,0.005256,0.094779,0.182637,0.255329,0.314116,0.367444,0.292716,0.213558,0.130470,0.181564,0.046151,0.047147,0.161842,0.184798,0.210262,0.230004,0.407542,0.647443,0.821478,1.004024,1.104691,1.132470,1.219197,1.285679,1.342446,1.379537,1.478549,1.519652,1.561566,1.543908,1.597150,1.606820,1.552634,1.562749,1.511568,1.523048,1.522070,1.518071,1.454039,1.332610,1.147671,0.961248,0.822354,0.669240,0.510179,0.412901,0.399781,0.312345,0.318278,0.328240,0.339891,0.362558,0.483113,0.516654,0.652426,0.792668,0.923440,1.048270,1.088807,1.215083,1.220483,1.212766,1.183049,1.162096,1.115874,1.075902,1.030704,1.073841,1.148808
-1.430360,-1.583738,-1.718449,-1.883604,-2.038384,-2.140529,-2.296118,-2.389968,-2.441980,-2.473888,-2.517589,-2.542172,-2.544238,-2.574976,-2.513812,-2.416693,-2.312063,-2.202305,-2.130177,-2.056549,-1.884136,-1.760676,-1.637804,-1.423956,-1.283278,-1.069566,-0.929649,-0.705519,-0.543669,-0.375207,-0.205569,-0.018567,0.083934,0.191297,0.306467,0.352482,0.396145,0.360023,0.328170,0.180509,0.134174,-0.059383,-0.157823,-0.131692,0.005256,0.224662,0.308947,0.374914,0.425869,0.367444,0.292716,0.213558,0.130470,0.181564,0.141018,0.138961,0.249260,0.267677,0.289244,0.308438,0.407542,0.569792,0.744917,0.854832,0.958322,0.986345,1.073327,1.140538,1.199097,1.308890,1.338635,1.450235,1.561566,1.611954,1.665114,1.675671,1.691985,1.703691,1.725579,1.666897,1.666749,1.664534,1.602554,1.559829,1.382278,1.123097,0.905488,0.669240,0.595400,0.412901,0.314279,0.312345,0.318278,0.328240,0.339891,0.455393,0.578194,0.613201,0.750555,0.892766,1.025432,1.150879,1.193718,1.320743,1.326239,1.212766,1.183049,1.162096,1.019409,0.983001,0.940972,0.987278,1.063966
-1.629133,-1.768882,-1.890643,-2.122689,-2.262626,-2.354293,-2.432102,-2.455422,-2.441980,-2.410891,-2.392134,-2.351380,-2.348663,-2.304887,-2.235232,-2.204215,-2.096943,-1.984527,-1.908263,-1.755193,-1.654942,-1.530888,-1.406069,-1.191002,-1.048609,-0.911428,-0.689390,-0.544631,-0.382421,-0.213310,-0.124653,0.062253,0.164599,0.191297,0.306467,0.352482,0.396145,0.360023,0.229050,0.071910,0.017364,-0.059383,-0.157823,-0.001756,0.134898,0.224662,0.435257,0.494499,0.537622,0.367444,0.292716,0.213558,0.233180,0.181564,0.235885,0.230774,0.336679,0.433436,0.447207,0.465307,0.407542,0.569792,0.668356,0.780236,0.738768,0.767157,0.854522,0.850255,0.912398,1.026299,1.128764,1.172571,1.355707,1.407816,1.529186,1.606820,1.622309,1.703691,1.654242,1.738821,1.739089,1.737766,1.676811,1.635569,1.538682,1.284945,1.071756,0.837689,0.680622,0.497775,0.399781,0.398269,0.405509,0.417213,0.431021,0.548228,0.673275,0.806294,0.946813,1.092962,1.127424,1.253487,1.298629,1.320743,1.220483,1.108046,1.081014,0.961875,0.826477,0.797197,0.761508,0.814154,0.894281
-1.728520,-1.861455,-2.062837,-2.202384,-2.337374,-2.354293,-2.296118,-2.193605,-2.123386,-2.095909,-2.015767,-1.906199,-1.892321,-1.832230,-1.747716,-1.637609,-1.523287,-1.476378,-1.390463,-1.378499,-1.272953,-1.224503,-1.097089,-0.958048,-0.813941,-0.674222,-0.529218,-0.383742,-0.301796,-0.132362,-0.043738,0.062253,0.164599,0.272188,0.306467,0.352482,0.309671,0.268470,0.129929,0.071910,-0.099447,-0.059383,-0.028057,0.128180,0.264541,0.484428,0.561567,0.614083,0.649375,0.474075,0.397359,0.317527,0.233180,0.280356,0.330752,0.414401,0.511516,0.599194,0.684153,0.622176,0.564616,0.569792,0.591795,0.556447,0.519215,0.547969,0.562782,0.559972,0.625700,0.673061,0.709023,0.825490,0.943987,1.067586,1.121403,1.262568,1.343607,1.351335,1.440232,1.523048,1.594410,1.591303,1.602554,1.559829,1.460480,1.365869,1.154890,0.921913,0.765844,0.582649,0.485284,0.484193,0.492741,0.506186,0.613282,0.733899,0.863437,0.999387,1.143071,1.193060,1.331407,1.356096,1.403540,1.215083,1.114727,1.003327,0.876945,0.761653,0.633545,0.611394,0.582044,0.554467,0.639755
-1.827906,-1.954027,-2.148934,-2.202384,-2.187879,-2.140529,-2.024149,-1.931787,-1.804792,-1.717930,-1.639400,-1.588213,-1.501171,-1.359573,-1.260200,-1.141828,-1.021339,-0.968229,-0.946634,-0.926465,-0.890964,-0.841522,-0.788108,-0.647443,-0.579272,-0.437015,-0.369046,-0.303297,-0.140548,-0.051413,0.037177,0.062253,0.164599,0.191297,0.224890,0.268612,0.223196,0.176918,0.129929,0.071910,0.017364,0.066169,0.231474,0.388053,0.523826,0.744194,0.814186,0.733668,0.649375,0.580706,0.397359,0.421496,0.335891,0.379148,0.425619,0.598028,0.686352,0.847832,0.842116,0.779045,0.643153,0.569792,0.515234,0.407255,0.299661,0.255719,0.271042,0.269689,0.339002,0.319824,0.429195,0.478409,0.600888,0.659310,0.781584,0.849466,0.925554,0.998978,1.083548,1.163426,1.232710,1.298376,1.305524,1.332610,1.304075,1.204021,1.071756,0.921913,0.765844,0.667522,0.570786,0.570116,0.579973,0.595160,0.704412,0.826734,0.958517,1.192480,1.339329,1.393256,1.433399,1.356096,1.193718,1.003765,0.903215,0.689168,0.570842,0.461321,0.440614,0.332689,0.312849,0.381342,0.470071
-1.728520,-1.861455,-1.976740,-1.963299,-1.888889,-1.784256,-1.684187,-1.539061,-1.486198,-1.402948,-1.325761,-1.270226,-1.110021,-0.954438,-0.772684,-0.646047,-0.519391,-0.460081,-0.428834,-0.399093,-0.356179,-0.305349,-0.324638,-0.259187,-0.266381,-0.199809,-0.128787,-0.061964,-0.059923,0.029535,0.037177,0.143073,0.164599,0.191297,0.224890,0.184742,0.223196,0.176918,0.129929,0.071910,0.134174,0.317273,0.491004,0.647926,0.783111,0.874077,0.940496,0.853253,0.761128,0.687336,0.502001,0.421496,0.438601,0.477940,0.615352,0.781655,0.861189,1.013590,1.000080,0.935915,0.721689,0.492141,0.438673,0.258062,0.153292,0.109594,0.052237,0.051976,0.052303,0.107881,0.219324,0.270160,0.395028,0.455172,0.509729,0.574064,0.577177,0.646622,0.726864,0.803804,0.798671,0.858987,0.934238,0.953911,0.913064,0.880324,0.822354,0.753465,0.680622,0.667522,0.570786,0.656040,0.667204,0.773106,0.795542,0.919569,1.148679,1.289027,1.437458,1.393256,1.331407,1.150879,0.983895,0.792446,0.691702,0.479729,0.366773,0.261100,0.151217,0.146885,0.133385,0.208217,0.215545
-1.629133,-1.676310,-1.718449,-1.644519,-1.515152,-1.427982,-1.276233,-1.211790,-1.103885,-1.087966,-1.012122,-0.888643,-0.718870,-0.549304,-0.285169,-0.079440,0.054265,0.120661,0.162937,0.203619,0.331401,0.307420,0.370568,0.362023,0.281180,0.274604,0.271644,0.259814,0.262574,0.272380,0.279923,0.223893,0.245263,0.272188,0.224890,0.184742,0.223196,0.176918,0.229050,0.289107,0.367795,0.568377,0.750535,0.907799,1.042396,1.133843,1.066806,0.972837,0.872881,0.687336,0.606644,0.525465,0.541312,0.576733,0.805086,0.965281,1.036026,1.096470,1.158043,1.014349,0.800226,0.569792,0.438673,0.258062,0.080107,-0.036531,-0.093633,-0.093165,-0.091046,-0.033414,0.079411,0.131328,0.189168,0.319080,0.373801,0.367512,0.437826,0.435208,0.441517,0.444182,0.509312,0.492829,0.562951,0.575213,0.522053,0.556627,0.572951,0.585016,0.595400,0.582649,0.656288,0.656040,0.754436,0.862080,0.977803,1.105239,1.243760,1.385573,1.339329,1.293158,1.127424,0.945662,0.774073,0.686786,0.480190,0.270290,0.162704,0.060878,0.054751,0.053983,0.043653,0.035093,0.045861
-1.430360,-1.491165,-1.460158,-1.325738,-1.216162,-1.071709,-1.004264,-0.884518,-0.785291,-0.772984,-0.698483,-0.570657,-0.392912,-0.144169,0.063057,0.274689,0.484506,0.556217,0.680737,0.806330,0.866186,0.996785,0.988528,1.060884,0.985185,0.907154,0.912333,0.822925,0.746320,0.758071,0.684500,0.547173,0.487255,0.433970,0.388045,0.352482,0.309671,0.360023,0.328170,0.506305,0.601416,0.819481,1.139832,1.297608,1.301681,1.263726,1.193116,0.972837,0.872881,0.793967,0.711286,0.629435,0.644022,0.774317,0.994819,1.057095,1.210863,1.179349,1.158043,1.092784,0.800226,0.569792,0.438673,0.332659,0.080107,-0.036531,-0.166568,-0.238307,-0.162721,-0.104062,-0.060503,-0.007504,-0.016691,0.114942,0.169910,0.229812,0.228799,0.294265,0.298843,0.228409,0.219952,0.199902,0.191664,0.196514,0.209244,0.232930,0.323549,0.416568,0.510179,0.582649,0.656288,0.741964,0.841668,1.040026,1.160063,1.290909,1.338841,1.289027,1.241200,1.092962,0.923440,0.843054,0.669162,0.475467,0.374434,0.165570,0.060669,-0.039233,-0.041715,-0.131820,-0.135810,-0.138032,-0.123824
-1.231587,-1.213448,-1.115770,-1.006958,-0.917172,-0.786690,-0.732295,-0.622701,-0.594135,-0.520998,-0.447571,-0.379865,-0.132145,0.125920,0.341638,0.557993,0.771334,0.919180,1.050594,1.183025,1.324573,1.456362,1.529243,1.604442,1.610968,1.618774,1.553022,1.466480,1.391314,1.324710,1.169992,1.112912,0.971240,0.838426,0.714355,0.604094,0.569093,0.543127,0.625533,0.723502,0.951847,1.196137,1.399363,1.427544,1.560966,1.393609,1.193116,1.092422,0.872881,0.793967,0.815929,0.837373,0.849443,0.971901,1.089686,1.240722,1.210863,1.262228,1.158043,1.014349,0.800226,0.569792,0.438673,0.332659,0.153292,-0.036531,-0.166568,-0.310877,-0.234395,-0.174710,-0.130460,-0.146337,-0.153931,-0.089195,-0.033982,0.023260,0.089448,0.153323,0.156170,0.084560,0.002933,-0.019792,-0.105365,-0.106445,-0.103565,-0.009842,0.074147,0.248120,0.424957,0.582649,0.741791,0.913812,1.103362,1.306946,1.433454,1.476579,1.338841,1.289027,1.143071,0.992864,0.821448,0.740445,0.564251,0.369808,0.268678,0.060851,0.060669,-0.039233,-0.138181,-0.131820,-0.225542,-0.224594,-0.208666
-1.032814,-0.935731,-0.857479,-0.767873,-0.692929,-0.572926,-0.528318,-0.491792,-0.402978,-0.395005,-0.322116,-0.189073,-0.001762,0.260965,0.480928,0.770470,0.986454,1.136958,1.272508,1.333702,1.477369,1.609554,1.683734,1.837396,1.923860,1.935049,1.953453,1.949147,1.875060,1.810400,1.736400,1.597831,1.455225,1.323772,1.203821,1.107316,1.001463,1.000887,1.022016,1.157896,1.302278,1.572793,1.658894,1.687417,1.560966,1.393609,1.319426,1.092422,0.984634,0.900598,0.920571,0.941342,1.054864,1.169485,1.279420,1.332535,1.298281,1.179349,1.079061,1.014349,0.800226,0.569792,0.438673,0.332659,0.153292,-0.036531,-0.239503,-0.310877,-0.234395,-0.174710,-0.200417,-0.215753,-0.291171,-0.293333,-0.237873,-0.183291,-0.119578,-0.058091,-0.057841,-0.131213,-0.214087,-0.312719,-0.328137,-0.333664,-0.259970,-0.171691,-0.092122,0.163896,0.339735,0.582649,0.827293,1.085660,1.365057,1.484893,1.615715,1.569414,1.433921,1.289027,1.143071,0.992864,0.821448,0.637837,0.459340,0.369808,0.162922,0.165570,0.060669,-0.039233,-0.041715,-0.131820,-0.135810,-0.224594,-0.208666
-0.834041,-0.750587,-0.599189,-0.528788,-0.468687,-0.430417,-0.392334,-0.360883,-0.339260,-0.269012,-0.196660,-0.061878,0.128621,0.396010,0.620218,0.912122,1.129868,1.209551,1.272508,1.333702,1.400971,1.532958,1.606488,1.759745,1.845637,1.935049,2.033539,2.110036,2.116933,2.134194,2.060061,2.001931,1.939210,1.809119,1.693286,1.526668,1.433833,1.458648,1.418500,1.483692,1.652709,1.698346,1.788659,1.687417,1.560966,1.393609,1.319426,1.092422,0.984634,0.900598,1.025214,1.149280,1.260285,1.367070,1.374287,1.332535,1.298281,1.262228,1.079061,0.935915,0.800226,0.569792,0.362112,0.258062,0.153292,-0.036531,-0.239503,-0.383448,-0.234395,-0.245357,-0.270374,-0.354585,-0.428411,-0.497471,-0.441765,-0.389842,-0.398280,-0.339976,-0.343188,-0.418911,-0.503446,-0.532413,-0.550909,-0.485144,-0.416374,-0.333539,-0.175256,0.079671,0.339735,0.582649,0.912795,1.171583,1.365057,1.573866,1.615715,1.569414,1.433921,1.385573,1.339329,1.092962,0.821448,0.637837,0.459340,0.369808,0.268678,0.165570,0.162704,0.060878,0.054751,-0.038918,-0.046079,-0.138032,-0.123824
-0.635268,-0.565442,-0.426995,-0.369397,-0.319192,-0.287907,-0.256349,-0.295429,-0.275541,-0.206015,-0.071205,0.065316,0.259005,0.531055,0.759508,1.053774,1.129868,1.136958,1.198537,1.183025,1.248175,1.379766,1.529243,1.682094,1.845637,1.935049,2.033539,2.110036,2.197558,2.215142,2.221892,2.163570,2.100539,2.051793,1.938019,1.862150,1.779729,1.733304,1.715862,1.809488,1.769519,1.823898,1.788659,1.557481,1.560966,1.393609,1.193116,1.092422,0.984634,1.007229,1.234499,1.357218,1.465706,1.465862,1.469153,1.424348,1.385699,1.262228,1.079061,0.935915,0.800226,0.569792,0.285552,0.183466,0.080107,-0.036531,-0.312438,-0.383448,-0.377745,-0.386652,-0.340331,-0.424002,-0.565651,-0.633563,-0.713620,-0.665244,-0.676982,-0.621862,-0.628535,-0.706609,-0.720466,-0.752108,-0.699424,-0.560883,-0.494576,-0.333539,-0.092122,0.079671,0.339735,0.667522,0.912795,1.085660,1.277826,1.306946,1.342324,1.383744,1.338841,1.385573,1.241200,1.092962,0.923440,0.637837,0.459340,0.369808,0.268678,0.270290,0.264738,0.160989,0.151217,0.146885,0.133385,0.035093,0.045861
-0.535881,-0.472870,-0.340898,-0.210007,-0.169697,-0.145398,-0.188357,-0.229975,-0.211822,-0.080023,-0.008477,0.192511,0.389388,0.666099,0.898799,1.053774,0.986454,0.991773,0.976623,1.032347,1.171777,1.379766,1.529243,1.759745,1.923860,2.093186,2.273798,2.351369,2.358806,2.377039,2.302807,2.244390,2.181203,2.132684,2.019596,2.029891,1.952677,1.824856,1.814983,1.809488,1.769519,1.698346,1.658894,1.557481,1.431324,1.263726,1.193116,1.092422,1.096387,1.220490,1.339141,1.565156,1.568416,1.564654,1.469153,1.424348,1.385699,1.262228,1.079061,1.014349,0.800226,0.492141,0.285552,0.108870,0.080107,-0.109594,-0.312438,-0.456019,-0.449419,-0.457300,-0.410288,-0.493418,-0.634270,-0.769655,-0.849548,-0.940646,-0.955684,-0.974218,-0.985219,-0.922382,-0.937485,-0.825340,-0.699424,-0.560883,-0.416374,-0.252615,-0.092122,0.163896,0.339735,0.582649,0.827293,0.913812,1.016131,1.040026,1.068933,1.012404,1.053598,1.095934,1.143071,0.992864,0.821448,0.637837,0.459340,0.369808,0.374434,0.375009,0.366773,0.361210,0.344148,0.332689,0.312849,0.294780,0.300387
-0.436495,-0.380297,-0.254801,-0.130312,-0.094949,-0.074143,-0.120365,-0.099066,-0.084384,-0.017026,0.179707,0.383302,0.584963,0.801144,0.898799,0.912122,0.843041,0.773995,0.828680,1.032347,1.248175,1.456362,1.683734,1.915047,2.158529,2.330393,2.433970,2.512258,2.600679,2.538936,2.545553,2.486850,2.342531,2.213575,2.182752,2.029891,1.952677,1.916409,1.814983,1.809488,1.652709,1.572793,1.529128,1.427544,1.301681,1.263726,1.066806,1.092422,1.208139,1.327121,1.443784,1.565156,1.671127,1.564654,1.469153,1.424348,1.298281,1.179349,1.079061,0.935915,0.721689,0.492141,0.285552,0.108870,0.006923,-0.182656,-0.385373,-0.456019,-0.592768,-0.598595,-0.620159,-0.701666,-0.771510,-0.905747,-1.053439,-1.216048,-1.234386,-1.185632,-1.127892,-1.066231,-0.937485,-0.825340,-0.625167,-0.485144,-0.338172,-0.171691,-0.008987,0.163896,0.339735,0.497775,0.656288,0.741964,0.754436,0.773106,0.795542,0.733899,0.768356,0.806294,0.848684,0.792668,0.719456,0.637837,0.459340,0.369808,0.374434,0.375009,0.468807,0.461321,0.440614,0.518492,0.492313,0.467904,0.554913
-0.337108,-0.287725,-0.168704,-0.050617,-0.020202,-0.002889,0.015620,0.031843,0.043053,0.171963,0.367890,0.574094,0.715347,0.801144,0.829153,0.699645,0.627920,0.701402,0.828680,1.107686,1.324573,1.609554,1.838224,1.992699,2.158529,2.330393,2.433970,2.512258,2.600679,2.619884,2.626469,2.567670,2.503859,2.375357,2.264329,2.113761,2.039151,1.916409,1.814983,1.700890,1.652709,1.572793,1.399363,1.297608,1.172039,1.133843,1.066806,1.092422,1.208139,1.433752,1.548426,1.669125,1.671127,1.564654,1.469153,1.240722,1.123444,1.013590,0.842116,0.779045,0.643153,0.492141,0.208991,0.034274,-0.066262,-0.255719,-0.458308,-0.528590,-0.807792,-0.951833,-0.969943,-0.979331,-1.045990,-1.177931,-1.325295,-1.353748,-1.304062,-1.256103,-1.127892,-0.994306,-0.865146,-0.752108,-0.550909,-0.409404,-0.259970,-0.090766,0.074147,0.163896,0.254514,0.328027,0.399781,0.484193,0.492741,0.506186,0.522152,0.455393,0.483113,0.420108,0.456168,0.492374,0.515472,0.432620,0.354429,0.264149,0.374434,0.375009,0.468807,0.561432,0.537080,0.611394,0.671776,0.727591,0.809439
-0.337108,-0.195153,-0.168704,-0.050617,0.054545,0.068366,0.083612,0.162751,0.234210,0.423949,0.556074,0.701289,0.780538,0.733622,0.620218,0.557993,0.484506,0.701402,0.902651,1.183025,1.400971,1.609554,1.760979,1.915047,2.080306,2.172255,2.273798,2.351369,2.439431,2.457988,2.464638,2.486850,2.423195,2.375357,2.264329,2.197632,2.039151,1.916409,1.814983,1.700890,1.535899,1.447241,1.269597,1.167672,1.042396,1.003960,1.066806,1.212007,1.319892,1.433752,1.548426,1.565156,1.568416,1.465862,1.184553,1.057095,0.861189,0.682074,0.605171,0.543742,0.486079,0.336838,0.132430,-0.040322,-0.139446,-0.328782,-0.531243,-0.601160,-1.022816,-1.163776,-1.249771,-1.256996,-1.320469,-1.382069,-1.393258,-1.284898,-1.164711,-1.044689,-0.913882,-0.850457,-0.792806,-0.678877,-0.476652,-0.333664,-0.103565,-0.009842,0.157281,0.163896,0.084070,0.073405,0.143274,0.226421,0.231046,0.239266,0.248761,0.176888,0.102790,0.130468,0.161780,0.192080,0.209497,0.227403,0.144607,0.158489,0.268678,0.375009,0.468807,0.561432,0.633545,0.704296,0.761508,0.900716,0.979123
-0.237722,-0.195153,-0.082607,-0.050617,0.054545,0.139621,0.219597,0.293660,0.425366,0.549942,0.681529,0.764886,0.715347,0.598577,0.411283,0.345515,0.484506,0.701402,0.976623,1.183025,1.400971,1.532958,1.683734,1.759745,1.845637,1.935049,2.033539,2.110036,2.197558,2.215142,2.221892,2.244390,2.261867,2.213575,2.182752,2.113761,2.039151,1.916409,1.814983,1.700890,1.419088,1.321689,1.139832,1.037735,0.912754,0.874077,1.066806,1.212007,1.319892,1.433752,1.548426,1.565156,1.362995,1.169485,0.899953,0.689841,0.598934,0.433436,0.368226,0.308438,0.329005,0.259187,0.055869,-0.114918,-0.212631,-0.401844,-0.604178,-0.746302,-1.022816,-1.234423,-1.389685,-1.395828,-1.389089,-1.314023,-1.121403,-1.009496,-0.886009,-0.762804,-0.699872,-0.706609,-0.648126,-0.532413,-0.402395,-0.182185,-0.103565,-0.009842,0.074147,-0.004553,-0.171595,-0.350965,-0.284238,-0.203198,-0.117881,-0.116627,-0.115760,-0.101617,-0.182452,-0.255718,-0.230736,-0.208312,-0.096479,-0.080423,-0.065215,0.052830,0.162922,0.375009,0.468807,0.561432,0.730011,0.797197,0.851240,0.987278,1.063966
-0.337108,-0.195153,-0.082607,0.029078,0.129293,0.210875,0.287589,0.424569,0.552804,0.675935,0.744257,0.701289,0.584963,0.396010,0.202347,0.274689,0.484506,0.701402,0.976623,1.183025,1.400971,1.456362,1.529243,1.604442,1.610968,1.697842,1.713194,1.788258,1.875060,1.891349,1.979146,2.001931,2.019874,1.970901,2.019596,1.946020,1.952677,1.824856,1.715862,1.592291,1.302278,1.070585,0.880301,0.777862,0.783111,0.874077,1.066806,1.212007,1.319892,1.433752,1.443784,1.357218,1.054864,0.774317,0.520485,0.414401,0.336679,0.184798,0.131280,0.073135,0.171932,0.103885,-0.020692,-0.189515,-0.285815,-0.401844,-0.604178,-0.746302,-0.951141,-1.022481,-1.109857,-1.118163,-1.045990,-0.905747,-0.781584,-0.665244,-0.607307,-0.551390,-0.485861,-0.490835,-0.431106,-0.312719,-0.253880,-0.182185,-0.103565,-0.090766,-0.092122,-0.257225,-0.427260,-0.605587,-0.711749,-0.718741,-0.554039,-0.472521,-0.480281,-0.472957,-0.467695,-0.545357,-0.525123,-0.508606,-0.402454,-0.285640,-0.170126,0.052830,0.162922,0.375009,0.570842,0.661543,0.730011,0.890099,0.940972,0.987278,0.979123
-0.337108,-0.195153,-0.082607,0.029078,0.129293,0.282130,0.355581,0.555477,0.616522,0.675935,0.681529,0.574094,0.324196,0.125920,0.132702,0.274689,0.484506,0.773995,0.976623,1.183025,1.248175,1.303169,1.297508,1.293838,1.376300,1.381567,1.392850,1.466480,1.471939,1.567555,1.655484,1.678651,1.697218,1.728228,1.693286,1.694409,1.693255,1.641752,1.616741,1.375094,1.185468,0.945033,0.750535,0.647926,0.653468,0.744194,0.940496,1.212007,1.319892,1.327121,1.129856,1.045311,0.746733,0.477940,0.235885,0.138961,0.074424,-0.063839,-0.105665,-0.083734,-0.063678,-0.051418,-0.097253,-0.264111,-0.359000,-0.474907,-0.604178,-0.673731,-0.736118,-0.739890,-0.760072,-0.701666,-0.565651,-0.497471,-0.373801,-0.320992,-0.258929,-0.269505,-0.200514,-0.203138,-0.141747,-0.166255,-0.179622,-0.182185,-0.181767,-0.171691,-0.258390,-0.425673,-0.682926,-0.860209,-1.053759,-1.062437,-0.990197,-0.917387,-0.844802,-0.751462,-0.752937,-0.738450,-0.721381,-0.708802,-0.606438,-0.388248,-0.170126,0.052830,0.374434,0.479729,0.672876,0.761653,0.826477,0.797197,0.851240,0.814154,0.809439
-0.436495,-0.287725,-0.082607,0.029078,0.204040,0.282130,0.423574,0.555477,0.616522,0.612938,0.493346,0.319705,0.128621,-0.009125,0.063057,0.274689,0.484506,0.773995,0.976623,1.032347,1.095380,1.073381,1.065773,1.060884,1.063408,1.144361,1.152591,1.225147,1.230066,1.243761,1.331823,1.355371,1.374561,1.404664,1.448553,1.442798,1.433833,1.458648,1.319379,1.157896,0.951847,0.693929,0.491004,0.517990,0.653468,0.744194,0.940496,1.092422,1.096387,1.007229,0.920571,0.629435,0.335891,0.082772,-0.048715,-0.136479,-0.187831,-0.229598,-0.342610,-0.319038,-0.220752,-0.129069,-0.173814,-0.338707,-0.432184,-0.474907,-0.677113,-0.601160,-0.592768,-0.527948,-0.480245,-0.424002,-0.291171,-0.225287,-0.101946,-0.045590,0.019773,0.012380,0.084833,0.084560,0.075273,0.053439,-0.031108,-0.106445,-0.181767,-0.252615,-0.341524,-0.594122,-0.853369,-1.029957,-1.224763,-1.234285,-1.251892,-1.184307,-1.027062,-1.029967,-0.943099,-0.931544,-0.819510,-0.708802,-0.504446,-0.285640,0.039696,0.369808,0.585946,0.689168,0.774911,0.761653,0.730011,0.704296,0.671776,0.554467,0.470071
-0.535881,-0.380297,-0.254801,-0.050617,0.129293,0.282130,0.355581,0.424569,0.425366,0.360953,0.242435,0.065316,-0.132145,-0.076647,0.063057,0.274689,0.484506,0.773995,0.828680,0.881669,0.866186,0.766997,0.756793,0.827930,0.828740,0.907154,0.912333,0.983814,0.988193,1.000916,1.008162,1.032092,1.132569,1.161990,1.122243,1.191187,1.174411,1.183992,1.121137,0.940699,0.718226,0.442825,0.361239,0.388053,0.523826,0.614311,0.814186,0.972837,0.984634,0.793967,0.502001,0.317527,0.027760,-0.213605,-0.333316,-0.320106,-0.362668,-0.478235,-0.500574,-0.554341,-0.377826,-0.284371,-0.326936,-0.413303,-0.505369,-0.547969,-0.677113,-0.601160,-0.521094,-0.457300,-0.340331,-0.285169,-0.222551,-0.157241,-0.101946,0.023260,0.089448,0.223794,0.227506,0.300333,0.219952,0.126671,0.043150,-0.106445,-0.181767,-0.252615,-0.424658,-0.594122,-0.853369,-0.945083,-1.053759,-1.062437,-1.077429,-1.006361,-0.935932,-0.844297,-0.752937,-0.738450,-0.623252,-0.508606,-0.198471,0.124794,0.354429,0.581127,0.797459,0.793888,0.774911,0.761653,0.730011,0.518492,0.402581,0.294780,0.130703
-0.436495,-0.472870,-0.340898,-0.130312,-0.020202,0.139621,0.219597,0.228206,0.234210,0.108967,-0.071205,-0.189073,-0.197337,-0.076647,0.063057,0.274689,0.484506,0.701402,0.680737,0.655652,0.560595,0.537208,0.525058,0.594976,0.594071,0.669948,0.672074,0.742480,0.746320,0.758071,0.765416,0.789632,0.809912,0.919317,0.877510,0.939575,0.914989,0.909335,0.823775,0.723502,0.484605,0.317273,0.231474,0.388053,0.394183,0.614311,0.814186,0.733668,0.649375,0.474075,0.188074,-0.098349,-0.280372,-0.312397,-0.333316,-0.411920,-0.537505,-0.643994,-0.737519,-0.711210,-0.534899,-0.439674,-0.403497,-0.487899,-0.578554,-0.621032,-0.750048,-0.601160,-0.521094,-0.316005,-0.200417,-0.215753,-0.153931,-0.089195,-0.033982,0.092111,0.228799,0.294265,0.298843,0.372257,0.292292,0.199902,0.117407,-0.030705,-0.181767,-0.333539,-0.424658,-0.509897,-0.597704,-0.605587,-0.626247,-0.546894,-0.466807,-0.383547,-0.298021,-0.287287,-0.277533,-0.159171,-0.132607,-0.008116,0.209497,0.535228,0.774073,0.898105,1.008971,0.898607,0.774911,0.661543,0.440614,0.239787,0.133385,-0.051469,-0.038981
-0.138335,-0.380297,-0.426995,-0.289702,-0.169697,-0.074143,-0.052372,-0.033612,-0.084384,-0.143019,-0.259388,-0.252670,-0.197337,-0.076647,0.063057,0.274689,0.484506,0.556217,0.532794,0.429635,0.331401,0.307420,0.370568,0.362023,0.359402,0.432741,0.431816,0.501147,0.504447,0.515226,0.522669,0.547173,0.567919,0.676643,0.714355,0.687964,0.655567,0.634679,0.625533,0.397706,0.250984,0.191721,0.231474,0.258117,0.394183,0.484428,0.561567,0.494499,0.314116,0.047552,-0.125854,-0.306287,-0.485793,-0.411189,-0.333316,-0.503733,-0.712342,-0.892632,-0.974464,-0.868079,-0.613436,-0.517325,-0.480058,-0.562495,-0.651738,-0.694095,-0.750048,-0.601160,-0.377745,-0.245357,-0.130460,-0.076921,-0.085311,0.046897,0.101946,0.229812,0.298475,0.294265,0.370180,0.372257,0.292292,0.199902,0.117407,-0.106445,-0.259970,-0.333539,-0.507792,-0.509897,-0.427260,-0.435839,-0.284238,-0.117274,-0.030649,0.150293,0.248761,0.269723,0.292952,0.323561,0.358039,0.492374,0.617464,0.843054,0.983895,1.003765,0.903215,0.793888,0.570842,0.361210,0.151217,-0.038918,-0.135810,-0.224594,-0.208666
0.557370,0.082565,-0.254801,-0.369397,-0.319192,-0.287907,-0.256349,-0.295429,-0.275541,-0.332008,-0.322116,-0.252670,-0.132145,-0.009125,0.132702,0.274689,0.412799,0.338439,0.236908,0.203619,0.102208,0.154227,0.138832,0.129069,0.124734,0.195535,0.191557,0.259814,0.262574,0.353329,0.360839,0.304713,0.325927,0.433970,0.469622,0.520223,0.482619,0.451575,0.427291,0.289107,0.134174,0.066169,0.101708,0.258117,0.264541,0.354545,0.435257,0.135745,-0.021142,-0.272341,-0.439781,-0.618195,-0.485793,-0.411189,-0.428183,-0.595546,-0.799760,-1.058390,-1.132428,-0.946514,-0.770510,-0.594976,-0.633179,-0.637092,-0.724923,-0.767157,-0.750048,-0.528590,-0.306070,-0.174710,-0.130460,-0.076921,0.051929,0.182988,0.237873,0.298662,0.298475,0.294265,0.298843,0.300333,0.219952,0.126671,0.043150,-0.106445,-0.259970,-0.414463,-0.424658,-0.425673,-0.342039,-0.266091,-0.113233,-0.031351,0.056583,0.150293,0.248761,0.362558,0.388033,0.420108,0.456168,0.592472,0.719456,0.740445,0.774073,0.686786,0.585946,0.375009,0.162704,-0.039233,-0.234646,-0.224722,-0.315274,-0.311156,-0.293508
1.352463,0.730571,0.261781,-0.050617,-0.244444,-0.359162,-0.392334,-0.426338,-0.402978,-0.332008,-0.259388,-0.189073,-0.066954,0.058398,0.132702,0.274689,0.269385,0.120661,0.014994,-0.022398,-0.050588,-0.075561,-0.015658,-0.026234,-0.031712,-0.041671,-0.048701,0.018480,0.020701,0.110484,0.118093,0.143073,0.164599,0.191297,0.224890,0.268612,0.309671,0.268470,0.229050,0.180509,0.134174,0.066169,0.101708,0.258117,0.264541,0.224662,0.056327,-0.103425,-0.468154,-0.592233,-0.753709,-0.722164,-0.485793,-0.411189,-0.428183,-0.687360,-0.974597,-1.141269,-1.132428,-1.024948,-0.849046,-0.750279,-0.709740,-0.786284,-0.798107,-0.840220,-0.750048,-0.528590,-0.306070,-0.245357,-0.130460,-0.007504,0.120548,0.251034,0.305837,0.298662,0.228799,0.153323,0.156170,0.156484,0.147612,0.126671,-0.031108,-0.106445,-0.259970,-0.333539,-0.341524,-0.341449,-0.256817,-0.096343,-0.027730,-0.031351,-0.030649,-0.027654,0.066500,0.084053,0.102790,0.227015,0.259909,0.392276,0.515472,0.535228,0.459340,0.264149,0.057165,-0.043869,-0.245434,-0.339565,-0.331112,-0.317623,-0.315274,-0.397719,-0.378350
1.948782,1.471150,0.950557,0.507248,0.129293,-0.074143,-0.188357,-0.295429,-0.275541,-0.206015,-0.133932,-0.061878,0.063430,0.125920,0.202347,0.203864,0.054265,-0.097117,-0.206920,-0.173076,-0.203383,-0.152157,-0.170148,-0.181536,-0.266381,-0.278878,-0.208873,-0.222853,-0.140548,-0.132362,-0.043738,-0.018567,0.003270,0.029514,0.061734,0.100871,0.136722,0.176918,0.229050,0.180509,0.134174,0.191721,0.231474,0.258117,0.264541,0.094779,-0.196292,-0.462179,-0.803413,-0.912126,-0.962994,-0.722164,-0.485793,-0.411189,-0.428183,-0.687360,-0.974597,-1.224148,-1.211409,-1.103383,-0.927583,-0.827930,-0.786301,-0.860880,-0.871292,-0.913282,-0.750048,-0.601160,-0.449419,-0.245357,-0.060503,0.061912,0.189168,0.251034,0.237873,0.229812,0.089448,0.012380,0.013496,0.084560,0.147612,0.126671,0.043150,-0.030705,-0.181767,-0.171691,-0.175256,-0.088777,-0.086373,-0.096343,-0.113233,-0.203198,-0.205112,-0.205601,-0.206890,-0.194452,-0.182452,-0.159171,-0.034478,0.091982,0.209497,0.124794,0.039696,-0.158489,-0.365859,-0.462747,-0.551538,-0.439676,-0.427578,-0.410525,-0.494738,-0.484281,-0.632876
2.246942,2.026584,1.553236,1.065114,0.727273,0.424639,0.219597,0.097297,0.106772,0.108967,0.116979,0.192511,0.193813,0.260965,0.202347,0.133038,-0.089149,-0.242303,-0.354863,-0.323754,-0.279781,-0.305349,-0.324638,-0.336838,-0.422826,-0.357947,-0.369046,-0.303297,-0.301796,-0.213310,-0.205569,-0.180207,-0.158058,-0.132268,-0.019843,0.017001,0.050248,0.085366,0.129929,0.180509,0.250984,0.317273,0.231474,0.258117,0.134898,-0.164986,-0.575222,-0.820932,-1.138671,-1.232018,-1.067636,-0.722164,-0.485793,-0.411189,-0.523049,-0.687360,-0.974597,-1.141269,-1.211409,-1.103383,-1.006120,-0.905581,-0.939423,-0.935476,-0.944476,-0.986345,-0.750048,-0.601160,-0.449419,-0.245357,-0.060503,0.131328,0.189168,0.251034,0.237873,0.160961,0.089448,0.012380,0.013496,0.012635,0.147612,0.199902,0.191664,0.120774,0.052839,0.071082,0.074147,0.079671,0.084070,-0.011469,-0.113233,-0.203198,-0.292344,-0.294574,-0.389151,-0.380122,-0.372614,-0.352264,-0.230736,-0.208312,-0.198471,-0.285640,-0.379948,-0.581127,-0.683128,-0.672186,-0.653572,-0.539786,-0.524044,-0.596329,-0.674201,-0.743968,-0.802560
2.246942,2.119156,1.897624,1.543284,1.250505,0.923422,0.695543,0.555477,0.489085,0.423949,0.430618,0.383302,0.389388,0.328487,0.202347,-0.008614,-0.232563,-0.387488,-0.428834,-0.399093,-0.356179,-0.305349,-0.401883,-0.414490,-0.501049,-0.516084,-0.449132,-0.383742,-0.382421,-0.375207,-0.367399,-0.341846,-0.238722,-0.213159,-0.182998,-0.066870,-0.036226,-0.006186,0.129929,0.289107,0.367795,0.317273,0.361239,0.258117,0.005256,-0.554635,-0.827842,-1.179686,-1.362177,-1.445279,-1.276921,-0.826133,-0.485793,-0.411189,-0.617916,-0.687360,-0.887178,-1.058390,-1.132428,-1.103383,-1.084657,-1.060884,-1.015984,-1.010072,-1.017661,-0.986345,-0.750048,-0.601160,-0.449419,-0.174710,-0.060503,0.061912,0.189168,0.251034,0.305837,0.298662,0.228799,0.153323,0.084833,0.084560,0.147612,0.273134,0.340179,0.347993,0.287446,0.313855,0.323549,0.332344,0.254514,0.158279,0.057772,-0.117274,-0.205112,-0.294574,-0.389151,-0.472957,-0.562776,-0.545357,-0.426994,-0.508606,-0.606438,-0.696074,-0.799592,-0.898105,-0.894640,-0.776906,-0.653572,-0.639897,-0.813441,-0.875034,-0.943397,-1.003655,-1.057086
2.048168,2.026584,1.983721,1.782370,1.549495,1.350950,1.103496,0.948203,0.807679,0.738931,0.681529,0.574094,0.519772,0.396010,0.132702,-0.079440,-0.304270,-0.460081,-0.502806,-0.399093,-0.356179,-0.381946,-0.401883,-0.492141,-0.501049,-0.516084,-0.529218,-0.464186,-0.463045,-0.456155,-0.448315,-0.422666,-0.400051,-0.374941,-0.346154,-0.234611,-0.122700,-0.097738,0.030808,0.180509,0.367795,0.442825,0.361239,0.128180,-0.383672,-0.814401,-1.080461,-1.299271,-1.585683,-1.658541,-1.486206,-0.930102,-0.691213,-0.509981,-0.617916,-0.779173,-0.887178,-0.975511,-1.053446,-1.103383,-1.163194,-1.138535,-1.092545,-1.084669,-1.017661,-0.913282,-0.604178,-0.528590,-0.377745,-0.174710,-0.060503,0.061912,0.189168,0.319080,0.441765,0.436363,0.368150,0.223794,0.227506,0.228409,0.292292,0.346366,0.488694,0.499473,0.522053,0.475703,0.489817,0.500792,0.424957,0.412901,0.228777,0.140497,-0.030649,-0.205601,-0.298021,-0.380122,-0.562776,-0.641904,-0.623252,-0.708802,-0.810422,-0.901291,-1.009414,-1.003765,-0.894640,-0.776906,-0.857641,-0.940229,-1.102838,-1.153739,-1.122861,-1.176780,-1.226771
1.750009,1.841439,1.811527,1.782370,1.698990,1.564714,1.375465,1.210021,1.062554,0.927921,0.806985,0.701289,0.584963,0.396010,0.132702,-0.150266,-0.375977,-0.532673,-0.502806,-0.323754,-0.279781,-0.381946,-0.401883,-0.492141,-0.579272,-0.595153,-0.609304,-0.544631,-0.543669,-0.537104,-0.529230,-0.584306,-0.561379,-0.536724,-0.509309,-0.402351,-0.295648,-0.189290,-0.068313,0.071910,0.250984,0.317273,0.231474,-0.261629,-0.642957,-1.074167,-1.333081,-1.538440,-1.697436,-1.765172,-1.695491,-1.242009,-0.896634,-0.707565,-0.523049,-0.687360,-0.799760,-0.892632,-1.053446,-1.103383,-1.241730,-1.216186,-1.169106,-1.159265,-1.090845,-0.840220,-0.531243,-0.456019,-0.306070,-0.174710,-0.060503,0.131328,0.257788,0.319080,0.373801,0.367512,0.298475,0.294265,0.370180,0.444182,0.509312,0.566060,0.637208,0.726692,0.756660,0.718476,0.656085,0.585016,0.595400,0.582649,0.485284,0.312345,0.143814,-0.027654,-0.115760,-0.194452,-0.372614,-0.545357,-0.721381,-0.808900,-0.912414,-1.003899,-1.114325,-1.003765,-0.894640,-0.986345,-1.163745,-1.240562,-1.295770,-1.339542,-1.302324,-1.349904,-1.311613
1.551236,1.563722,1.639333,1.622979,1.624242,1.564714,1.511450,1.340929,1.189992,1.053914,0.932440,0.828483,0.650155,0.396010,0.132702,-0.221092,-0.447684,-0.532673,-0.428834,-0.323754,-0.279781,-0.381946,-0.401883,-0.492141,-0.579272,-0.595153,-0.609304,-0.625075,-0.624294,-0.618052,-0.610146,-0.584306,-0.642043,-0.617615,-0.590886,-0.570092,-0.555070,-0.372394,-0.266555,-0.145287,0.017364,0.066169,-0.157823,-0.651438,-1.031885,-1.333933,-1.459391,-1.658025,-1.809189,-1.871803,-1.695491,-1.449947,-1.102055,-0.905150,-0.712783,-0.687360,-0.799760,-0.892632,-0.974464,-1.181817,-1.241730,-1.293838,-1.245667,-1.159265,-1.090845,-0.840220,-0.531243,-0.383448,-0.306070,-0.174710,-0.060503,0.061912,0.120548,0.182988,0.237873,0.229812,0.228799,0.294265,0.441517,0.516106,0.581652,0.639292,0.785723,0.802432,0.913064,0.880324,0.822354,0.669240,0.680622,0.582649,0.570786,0.398269,0.231046,0.150293,0.066500,-0.008782,-0.182452,-0.545357,-0.721381,-0.908998,-1.014406,-1.106508,-1.114325,-1.003765,-1.106152,-1.195784,-1.367814,-1.440783,-1.488702,-1.525346,-1.481788,-1.436467,-1.481297
1.253076,1.378577,1.381042,1.463589,1.474747,1.493460,1.443458,1.406384,1.317429,1.179907,1.057896,0.892081,0.650155,0.463532,0.132702,-0.221092,-0.375977,-0.460081,-0.354863,-0.248415,-0.279781,-0.305349,-0.401883,-0.492141,-0.579272,-0.595153,-0.689390,-0.785964,-0.704918,-0.699000,-0.691061,-0.665126,-0.642043,-0.698506,-0.672464,-0.737833,-0.728018,-0.647051,-0.563917,-0.362485,-0.333067,-0.310487,-0.676885,-1.041247,-1.420812,-1.593699,-1.585701,-1.658025,-1.809189,-1.765172,-1.695491,-1.553916,-1.410187,-1.300318,-0.997383,-0.870987,-0.887178,-0.975511,-1.053446,-1.181817,-1.320267,-1.293838,-1.322228,-1.233861,-1.090845,-0.767157,-0.531243,-0.383448,-0.306070,-0.245357,-0.200417,-0.076921,-0.016691,-0.021149,-0.033982,0.023260,0.089448,0.223794,0.370180,0.372257,0.509312,0.566060,0.637208,0.726692,0.834862,0.880324,0.905488,0.837689,0.765844,0.667522,0.570786,0.484193,0.318278,0.150293,0.066500,-0.008782,-0.182452,-0.448811,-0.721381,-0.808900,-1.014406,-1.106508,-1.114325,-1.109424,-1.211908,-1.405224,-1.571883,-1.641005,-1.585167,-1.618248,-1.571520,-1.523029,-1.566139
1.054303,1.193433,1.208848,1.304199,1.325253,1.350950,1.375465,1.340929,1.317429,1.242903,1.120624,0.955678,0.715347,0.463532,0.132702,-0.150266,-0.304270,-0.387488,-0.280891,-0.248415,-0.279781,-0.305349,-0.401883,-0.492141,-0.579272,-0.595153,-0.769476,-0.785964,-0.785542,-0.779949,-0.691061,-0.665126,-0.642043,-0.617615,-0.754041,-0.821703,-0.814492,-0.738603,-0.663038,-0.471083,-0.449878,-0.687143,-1.066181,-1.560993,-1.809740,-1.853465,-1.838320,-1.897194,-1.920942,-1.765172,-1.486206,-1.553916,-1.512897,-1.596695,-1.471717,-1.146427,-1.062015,-1.058390,-1.132428,-1.260252,-1.398804,-1.371489,-1.322228,-1.233861,-1.090845,-0.767157,-0.458308,-0.383448,-0.377745,-0.386652,-0.340331,-0.285169,-0.291171,-0.293333,-0.237873,-0.183291,0.019773,0.153323,0.156170,0.156484,0.219952,0.346366,0.414436,0.575213,0.678457,0.799400,0.822354,0.753465,0.765844,0.752396,0.656288,0.484193,0.318278,0.150293,-0.024630,-0.008782,-0.087372,-0.352264,-0.623252,-0.808900,-0.912414,-1.106508,-1.114325,-1.215083,-1.317665,-1.509943,-1.673918,-1.641005,-1.681633,-1.618248,-1.661252,-1.609591,-1.650981
0.855530,1.008288,1.036654,1.144809,1.101010,1.137186,1.171489,1.210021,1.189992,1.179907,1.120624,0.955678,0.780538,0.531055,0.202347,-0.079440,-0.232563,-0.314895,-0.280891,-0.248415,-0.279781,-0.305349,-0.401883,-0.492141,-0.579272,-0.595153,-0.689390,-0.785964,-0.785542,-0.779949,-0.691061,-0.665126,-0.561379,-0.536724,-0.672464,-0.737833,-0.728018,-0.647051,-0.464796,-0.471083,-0.566688,-0.938247,-1.455477,-1.820865,-2.069025,-2.113231,-2.090940,-2.136364,-1.920942,-1.765172,-1.590849,-1.657886,-1.615607,-1.695487,-1.756318,-1.513680,-1.324270,-1.224148,-1.290391,-1.338686,-1.398804,-1.449140,-1.398789,-1.233861,-1.090845,-0.767157,-0.531243,-0.456019,-0.449419,-0.527948,-0.550202,-0.493418,-0.497031,-0.497471,-0.441765,-0.320992,-0.119578,-0.058091,-0.129177,-0.131213,-0.069407,0.126671,0.191664,0.272254,0.443851,0.556627,0.572951,0.669240,0.680622,0.752396,0.656288,0.570116,0.318278,0.150293,-0.024630,-0.008782,-0.087372,-0.352264,-0.623252,-0.708802,-0.810422,-1.003899,-1.114325,-1.215083,-1.423421,-1.614663,-1.673918,-1.741115,-1.681633,-1.711149,-1.661252,-1.609591,-1.566139
0.656757,0.730571,0.950557,0.985419,0.951515,0.994677,1.035504,1.013658,1.062554,1.053914,0.995168,0.892081,0.780538,0.531055,0.271992,-0.008614,-0.232563,-0.242303,-0.280891,-0.248415,-0.279781,-0.381946,-0.479128,-0.492141,-0.501049,-0.516084,-0.529218,-0.625075,-0.704918,-0.699000,-0.691061,-0.665126,-0.561379,-0.455832,-0.427731,-0.486222,-0.468596,-0.372394,-0.365676,-0.471083,-0.800309,-1.189351,-1.715008,-2.080738,-2.328310,-2.372996,-2.469870,-2.255948,-2.032695,-1.765172,-1.695491,-1.761855,-1.821028,-1.893071,-1.851185,-1.789120,-1.586525,-1.389907,-1.369373,-1.417121,-1.477341,-1.449140,-1.398789,-1.308457,-1.017661,-0.694095,-0.531243,-0.456019,-0.521094,-0.669243,-0.690116,-0.632250,-0.634270,-0.701609,-0.577693,-0.389842,-0.189254,-0.199034,-0.414525,-0.418911,-0.358767,-0.166255,-0.031108,0.045034,0.131042,0.232930,0.323549,0.416568,0.510179,0.582649,0.656288,0.570116,0.405509,0.150293,-0.024630,-0.101617,-0.087372,-0.255718,-0.525123,-0.608704,-0.708430,-0.901291,-1.114325,-1.320743,-1.423421,-1.614663,-1.673918,-1.641005,-1.681633,-1.618248,-1.571520,-1.523029,-1.481297
